{
  "TC100_Launch_R01" : {
    "transaction" : "TC100_Launch_R01",
    "sampleCount" : 5,
    "errorCount" : 0,
    "errorPct" : 0.0,
    "meanResTime" : 946.6,
    "medianResTime" : 604.0,
    "minResTime" : 557.0,
    "maxResTime" : 2364.0,
    "pct1ResTime" : 2364.0,
    "pct2ResTime" : 2364.0,
    "pct3ResTime" : 2364.0,
    "throughput" : 0.4011875150445318,
    "receivedKBytesPerSec" : 0.628030846305063,
    "sentKBytesPerSec" : 0.2797342634197224
  },
  "TC300_ClickToAutomationKey_R01" : {
    "transaction" : "TC300_ClickToAutomationKey_R01",
    "sampleCount" : 5,
    "errorCount" : 0,
    "errorPct" : 0.0,
    "meanResTime" : 190.2,
    "medianResTime" : 189.0,
    "minResTime" : 183.0,
    "maxResTime" : 199.0,
    "pct1ResTime" : 199.0,
    "pct2ResTime" : 199.0,
    "pct3ResTime" : 199.0,
    "throughput" : 0.48942834768989824,
    "receivedKBytesPerSec" : 0.582152077623336,
    "sentKBytesPerSec" : 0.39049117193617855
  },
  "TC200_Login_R01" : {
    "transaction" : "TC200_Login_R01",
    "sampleCount" : 5,
    "errorCount" : 0,
    "errorPct" : 0.0,
    "meanResTime" : 396.6,
    "medianResTime" : 398.0,
    "minResTime" : 376.0,
    "maxResTime" : 425.0,
    "pct1ResTime" : 425.0,
    "pct2ResTime" : 425.0,
    "pct3ResTime" : 425.0,
    "throughput" : 0.4776005349125991,
    "receivedKBytesPerSec" : 1.296144420431751,
    "sentKBytesPerSec" : 0.8656509695290859
  },
  "Total" : {
    "transaction" : "Total",
    "sampleCount" : 25,
    "errorCount" : 0,
    "errorPct" : 0.0,
    "meanResTime" : 385.75999999999993,
    "medianResTime" : 209.0,
    "minResTime" : 183.0,
    "maxResTime" : 2364.0,
    "pct1ResTime" : 608.8000000000001,
    "pct2ResTime" : 1839.5999999999988,
    "pct3ResTime" : 2364.0,
    "throughput" : 1.9187965308158723,
    "receivedKBytesPerSec" : 3.140155494473866,
    "sentKBytesPerSec" : 1.9648926193491443
  },
  "TC200_Login_R01-1" : {
    "transaction" : "TC200_Login_R01-1",
    "sampleCount" : 5,
    "errorCount" : 0,
    "errorPct" : 0.0,
    "meanResTime" : 198.6,
    "medianResTime" : 202.0,
    "minResTime" : 183.0,
    "maxResTime" : 213.0,
    "pct1ResTime" : 213.0,
    "pct2ResTime" : 213.0,
    "pct3ResTime" : 213.0,
    "throughput" : 0.4874719703617042,
    "receivedKBytesPerSec" : 1.2096350358291899,
    "sentKBytesPerSec" : 0.42368169299015307
  },
  "TC200_Login_R01-0" : {
    "transaction" : "TC200_Login_R01-0",
    "sampleCount" : 5,
    "errorCount" : 0,
    "errorPct" : 0.0,
    "meanResTime" : 196.8,
    "medianResTime" : 195.0,
    "minResTime" : 191.0,
    "maxResTime" : 209.0,
    "pct1ResTime" : 209.0,
    "pct2ResTime" : 209.0,
    "pct3ResTime" : 209.0,
    "throughput" : 0.4861921431349669,
    "receivedKBytesPerSec" : 0.11300168951769739,
    "sentKBytesPerSec" : 0.4586539162777129
  },
  "TC300_ClickToAutomationKey" : {
    "transaction" : "TC300_ClickToAutomationKey",
    "sampleCount" : 5,
    "errorCount" : 0,
    "errorPct" : 0.0,
    "meanResTime" : 190.2,
    "medianResTime" : 189.0,
    "minResTime" : 183.0,
    "maxResTime" : 199.0,
    "pct1ResTime" : 199.0,
    "pct2ResTime" : 199.0,
    "pct3ResTime" : 199.0,
    "throughput" : 0.48942834768989824,
    "receivedKBytesPerSec" : 0.582152077623336,
    "sentKBytesPerSec" : 0.39049117193617855
  },
  "TC100_Launch" : {
    "transaction" : "TC100_Launch",
    "sampleCount" : 5,
    "errorCount" : 0,
    "errorPct" : 0.0,
    "meanResTime" : 946.6,
    "medianResTime" : 604.0,
    "minResTime" : 557.0,
    "maxResTime" : 2364.0,
    "pct1ResTime" : 2364.0,
    "pct2ResTime" : 2364.0,
    "pct3ResTime" : 2364.0,
    "throughput" : 0.3977408320738207,
    "receivedKBytesPerSec" : 0.6226353064593111,
    "sentKBytesPerSec" : 0.27733100986397263
  },
  "TC200_Login" : {
    "transaction" : "TC200_Login",
    "sampleCount" : 5,
    "errorCount" : 0,
    "errorPct" : 0.0,
    "meanResTime" : 396.6,
    "medianResTime" : 398.0,
    "minResTime" : 376.0,
    "maxResTime" : 425.0,
    "pct1ResTime" : 425.0,
    "pct2ResTime" : 425.0,
    "pct3ResTime" : 425.0,
    "throughput" : 0.4775549188156638,
    "receivedKBytesPerSec" : 1.2960206244030563,
    "sentKBytesPerSec" : 0.8655682903533906
  }
}