{
  "TC100_R01_Launch" : {
    "transaction" : "TC100_R01_Launch",
    "sampleCount" : 50,
    "errorCount" : 0,
    "errorPct" : 0.0,
    "meanResTime" : 683.32,
    "medianResTime" : 536.0,
    "minResTime" : 502.0,
    "maxResTime" : 3062.0,
    "pct1ResTime" : 568.0,
    "pct2ResTime" : 2301.899999999994,
    "pct3ResTime" : 3062.0,
    "throughput" : 1.0395226511985696,
    "receivedKBytesPerSec" : 1.6272996190149485,
    "sentKBytesPerSec" : 0.7248234110896277
  },
  "TC200_R01_Login-1" : {
    "transaction" : "TC200_R01_Login-1",
    "sampleCount" : 50,
    "errorCount" : 0,
    "errorPct" : 0.0,
    "meanResTime" : 174.83999999999995,
    "medianResTime" : 174.0,
    "minResTime" : 164.0,
    "maxResTime" : 187.0,
    "pct1ResTime" : 183.0,
    "pct2ResTime" : 185.35,
    "pct3ResTime" : 187.0,
    "throughput" : 1.1059744741091375,
    "receivedKBytesPerSec" : 2.744415174522772,
    "sentKBytesPerSec" : 0.961247345661262
  },
  "TC200_R01_Login-0" : {
    "transaction" : "TC200_R01_Login-0",
    "sampleCount" : 50,
    "errorCount" : 0,
    "errorPct" : 0.0,
    "meanResTime" : 174.91999999999993,
    "medianResTime" : 175.0,
    "minResTime" : 168.0,
    "maxResTime" : 186.0,
    "pct1ResTime" : 179.0,
    "pct2ResTime" : 183.24999999999997,
    "pct3ResTime" : 186.0,
    "throughput" : 1.1064884482606,
    "receivedKBytesPerSec" : 0.25717211981056914,
    "sentKBytesPerSec" : 1.0438162509958395
  },
  "TC400_ClickToCheckOut" : {
    "transaction" : "TC400_ClickToCheckOut",
    "sampleCount" : 50,
    "errorCount" : 0,
    "errorPct" : 0.0,
    "meanResTime" : 173.56000000000003,
    "medianResTime" : 172.0,
    "minResTime" : 164.0,
    "maxResTime" : 188.0,
    "pct1ResTime" : 181.0,
    "pct2ResTime" : 184.14999999999998,
    "pct3ResTime" : 188.0,
    "throughput" : 1.1061457457634618,
    "receivedKBytesPerSec" : 3.421058180500863,
    "sentKBytesPerSec" : 0.8944225366134242
  },
  "TC400_R01_ClickToCheckOut" : {
    "transaction" : "TC400_R01_ClickToCheckOut",
    "sampleCount" : 50,
    "errorCount" : 0,
    "errorPct" : 0.0,
    "meanResTime" : 173.56000000000003,
    "medianResTime" : 172.0,
    "minResTime" : 164.0,
    "maxResTime" : 188.0,
    "pct1ResTime" : 181.0,
    "pct2ResTime" : 184.14999999999998,
    "pct3ResTime" : 188.0,
    "throughput" : 1.1061946902654867,
    "receivedKBytesPerSec" : 3.421209554756637,
    "sentKBytesPerSec" : 0.8944621128318584
  },
  "Total" : {
    "transaction" : "Total",
    "sampleCount" : 300,
    "errorCount" : 0,
    "errorPct" : 0.0,
    "meanResTime" : 288.24666666666667,
    "medianResTime" : 177.0,
    "minResTime" : 162.0,
    "maxResTime" : 3062.0,
    "pct1ResTime" : 531.9000000000001,
    "pct2ResTime" : 554.0,
    "pct3ResTime" : 1680.0,
    "throughput" : 6.145400167974271,
    "receivedKBytesPerSec" : 11.548631240141754,
    "sentKBytesPerSec" : 6.0723835318639
  },
  "TC200_R01_Login" : {
    "transaction" : "TC200_R01_Login",
    "sampleCount" : 50,
    "errorCount" : 0,
    "errorPct" : 0.0,
    "meanResTime" : 351.44,
    "medianResTime" : 351.0,
    "minResTime" : 334.0,
    "maxResTime" : 373.0,
    "pct1ResTime" : 364.0,
    "pct2ResTime" : 370.79999999999995,
    "pct3ResTime" : 373.0,
    "throughput" : 1.1018069634200087,
    "receivedKBytesPerSec" : 2.9901577649845748,
    "sentKBytesPerSec" : 1.997025121198766
  },
  "TC300_ClickToAutomationKey" : {
    "transaction" : "TC300_ClickToAutomationKey",
    "sampleCount" : 50,
    "errorCount" : 0,
    "errorPct" : 0.0,
    "meanResTime" : 171.4,
    "medianResTime" : 170.0,
    "minResTime" : 162.0,
    "maxResTime" : 183.0,
    "pct1ResTime" : 176.0,
    "pct2ResTime" : 180.24999999999997,
    "pct3ResTime" : 183.0,
    "throughput" : 1.1060723371308485,
    "receivedKBytesPerSec" : 1.3156211978763412,
    "sentKBytesPerSec" : 0.8824815424178741
  },
  "TC100_Launch" : {
    "transaction" : "TC100_Launch",
    "sampleCount" : 50,
    "errorCount" : 0,
    "errorPct" : 0.0,
    "meanResTime" : 683.32,
    "medianResTime" : 536.0,
    "minResTime" : 502.0,
    "maxResTime" : 3062.0,
    "pct1ResTime" : 568.0,
    "pct2ResTime" : 2301.899999999994,
    "pct3ResTime" : 3062.0,
    "throughput" : 1.0318639590556382,
    "receivedKBytesPerSec" : 1.6153104749669802,
    "sentKBytesPerSec" : 0.7194832683259038
  },
  "TC200_Login" : {
    "transaction" : "TC200_Login",
    "sampleCount" : 50,
    "errorCount" : 0,
    "errorPct" : 0.0,
    "meanResTime" : 351.44,
    "medianResTime" : 351.0,
    "minResTime" : 334.0,
    "maxResTime" : 373.0,
    "pct1ResTime" : 364.0,
    "pct2ResTime" : 370.79999999999995,
    "pct3ResTime" : 373.0,
    "throughput" : 1.1017341295198644,
    "receivedKBytesPerSec" : 2.9899601034528347,
    "sentKBytesPerSec" : 1.9968931097547538
  },
  "TC300_R01_ClickToAutomationKey" : {
    "transaction" : "TC300_R01_ClickToAutomationKey",
    "sampleCount" : 50,
    "errorCount" : 0,
    "errorPct" : 0.0,
    "meanResTime" : 171.4,
    "medianResTime" : 170.0,
    "minResTime" : 162.0,
    "maxResTime" : 183.0,
    "pct1ResTime" : 176.0,
    "pct2ResTime" : 180.24999999999997,
    "pct3ResTime" : 183.0,
    "throughput" : 1.106121275136606,
    "receivedKBytesPerSec" : 1.3156794073402207,
    "sentKBytesPerSec" : 0.8825205876822334
  }
}