{
  "TC100_R01_Launch" : {
    "transaction" : "TC100_R01_Launch",
    "sampleCount" : 8,
    "errorCount" : 0,
    "errorPct" : 0.0,
    "meanResTime" : 1149.5,
    "medianResTime" : 1088.5,
    "minResTime" : 564.0,
    "maxResTime" : 1857.0,
    "pct1ResTime" : 1857.0,
    "pct2ResTime" : 1857.0,
    "pct3ResTime" : 1857.0,
    "throughput" : 0.03448454230391227,
    "receivedKBytesPerSec" : 0.05398312628239392,
    "sentKBytesPerSec" : 0.024044885942376328
  },
  "TC200_R01_Login-1" : {
    "transaction" : "TC200_R01_Login-1",
    "sampleCount" : 8,
    "errorCount" : 0,
    "errorPct" : 0.0,
    "meanResTime" : 178.25,
    "medianResTime" : 178.5,
    "minResTime" : 172.0,
    "maxResTime" : 184.0,
    "pct1ResTime" : 184.0,
    "pct2ResTime" : 184.0,
    "pct3ResTime" : 184.0,
    "throughput" : 0.03469782531379846,
    "receivedKBytesPerSec" : 0.08610075597886901,
    "sentKBytesPerSec" : 0.03015728957937561
  },
  "TC200_R01_Login-0" : {
    "transaction" : "TC200_R01_Login-0",
    "sampleCount" : 8,
    "errorCount" : 0,
    "errorPct" : 0.0,
    "meanResTime" : 179.50000000000003,
    "medianResTime" : 178.0,
    "minResTime" : 174.0,
    "maxResTime" : 188.0,
    "pct1ResTime" : 188.0,
    "pct2ResTime" : 188.0,
    "pct3ResTime" : 188.0,
    "throughput" : 0.03469722335470104,
    "receivedKBytesPerSec" : 0.008064393709393406,
    "sentKBytesPerSec" : 0.03273195093812618
  },
  "TC400_ClickToCheckOut" : {
    "transaction" : "TC400_ClickToCheckOut",
    "sampleCount" : 8,
    "errorCount" : 0,
    "errorPct" : 0.0,
    "meanResTime" : 174.25,
    "medianResTime" : 174.0,
    "minResTime" : 171.0,
    "maxResTime" : 178.0,
    "pct1ResTime" : 178.0,
    "pct2ResTime" : 178.0,
    "pct3ResTime" : 178.0,
    "throughput" : 0.034699932335131946,
    "receivedKBytesPerSec" : 0.10731902900914343,
    "sentKBytesPerSec" : 0.028058148411610598
  },
  "TC400_R01_ClickToCheckOut" : {
    "transaction" : "TC400_R01_ClickToCheckOut",
    "sampleCount" : 8,
    "errorCount" : 0,
    "errorPct" : 0.0,
    "meanResTime" : 174.25,
    "medianResTime" : 174.0,
    "minResTime" : 171.0,
    "maxResTime" : 178.0,
    "pct1ResTime" : 178.0,
    "pct2ResTime" : 178.0,
    "pct3ResTime" : 178.0,
    "throughput" : 0.034699781825121775,
    "receivedKBytesPerSec" : 0.1073185635157819,
    "sentKBytesPerSec" : 0.028058026710157058
  },
  "Total" : {
    "transaction" : "Total",
    "sampleCount" : 48,
    "errorCount" : 0,
    "errorPct" : 0.0,
    "meanResTime" : 370.62499999999994,
    "medianResTime" : 182.0,
    "minResTime" : 171.0,
    "maxResTime" : 1857.0,
    "pct1ResTime" : 704.1000000000014,
    "pct2ResTime" : 1727.3999999999992,
    "pct3ResTime" : 1857.0,
    "throughput" : 0.2062732863202135,
    "receivedKBytesPerSec" : 0.387635313127146,
    "sentKBytesPerSec" : 0.20382244812011982
  },
  "TC200_R01_Login" : {
    "transaction" : "TC200_R01_Login",
    "sampleCount" : 8,
    "errorCount" : 0,
    "errorPct" : 0.0,
    "meanResTime" : 360.25,
    "medianResTime" : 359.5,
    "minResTime" : 350.0,
    "maxResTime" : 372.0,
    "pct1ResTime" : 372.0,
    "pct2ResTime" : 372.0,
    "pct3ResTime" : 372.0,
    "throughput" : 0.034670757816088964,
    "receivedKBytesPerSec" : 0.094091832002843,
    "sentKBytesPerSec" : 0.06284074854166125
  },
  "TC300_ClickToAutomationKey" : {
    "transaction" : "TC300_ClickToAutomationKey",
    "sampleCount" : 8,
    "errorCount" : 0,
    "errorPct" : 0.0,
    "meanResTime" : 182.0,
    "medianResTime" : 181.0,
    "minResTime" : 174.0,
    "maxResTime" : 192.0,
    "pct1ResTime" : 192.0,
    "pct2ResTime" : 192.0,
    "pct3ResTime" : 192.0,
    "throughput" : 0.03469827679682858,
    "receivedKBytesPerSec" : 0.041271973768102745,
    "sentKBytesPerSec" : 0.027684074358407175
  },
  "TC100_Launch" : {
    "transaction" : "TC100_Launch",
    "sampleCount" : 8,
    "errorCount" : 0,
    "errorPct" : 0.0,
    "meanResTime" : 1149.5,
    "medianResTime" : 1088.5,
    "minResTime" : 564.0,
    "maxResTime" : 1857.0,
    "pct1ResTime" : 1857.0,
    "pct2ResTime" : 1857.0,
    "pct3ResTime" : 1857.0,
    "throughput" : 0.034466119804232434,
    "receivedKBytesPerSec" : 0.05395428715447715,
    "sentKBytesPerSec" : 0.02403204056662301
  },
  "TC200_Login" : {
    "transaction" : "TC200_Login",
    "sampleCount" : 8,
    "errorCount" : 0,
    "errorPct" : 0.0,
    "meanResTime" : 360.25,
    "medianResTime" : 359.5,
    "minResTime" : 350.0,
    "maxResTime" : 372.0,
    "pct1ResTime" : 372.0,
    "pct2ResTime" : 372.0,
    "pct3ResTime" : 372.0,
    "throughput" : 0.034670757816088964,
    "receivedKBytesPerSec" : 0.094091832002843,
    "sentKBytesPerSec" : 0.06284074854166125
  },
  "TC300_R01_ClickToAutomationKey" : {
    "transaction" : "TC300_R01_ClickToAutomationKey",
    "sampleCount" : 8,
    "errorCount" : 0,
    "errorPct" : 0.0,
    "meanResTime" : 182.0,
    "medianResTime" : 181.0,
    "minResTime" : 174.0,
    "maxResTime" : 192.0,
    "pct1ResTime" : 192.0,
    "pct2ResTime" : 192.0,
    "pct3ResTime" : 192.0,
    "throughput" : 0.03469842729378291,
    "receivedKBytesPerSec" : 0.04127215277717538,
    "sentKBytesPerSec" : 0.02768419443263734
  }
}