{
  "TC100_Launch_R01" : {
    "transaction" : "TC100_Launch_R01",
    "sampleCount" : 9,
    "errorCount" : 0,
    "errorPct" : 0.0,
    "meanResTime" : 918.7777777777778,
    "medianResTime" : 604.0,
    "minResTime" : 557.0,
    "maxResTime" : 2364.0,
    "pct1ResTime" : 2364.0,
    "pct2ResTime" : 2364.0,
    "pct3ResTime" : 2364.0,
    "throughput" : 1.8481290506625154E-4,
    "receivedKBytesPerSec" : 2.8931160822382926E-4,
    "sentKBytesPerSec" : 1.2886368575908553E-4
  },
  "TC300_ClickToAutomationKey_R01" : {
    "transaction" : "TC300_ClickToAutomationKey_R01",
    "sampleCount" : 9,
    "errorCount" : 0,
    "errorPct" : 0.0,
    "meanResTime" : 181.22222222222223,
    "medianResTime" : 183.0,
    "minResTime" : 168.0,
    "maxResTime" : 199.0,
    "pct1ResTime" : 199.0,
    "pct2ResTime" : 199.0,
    "pct3ResTime" : 199.0,
    "throughput" : 1.8482156586744892E-4,
    "receivedKBytesPerSec" : 2.1983658908843046E-4,
    "sentKBytesPerSec" : 1.474601751110408E-4
  },
  "TC200_Login_R01" : {
    "transaction" : "TC200_Login_R01",
    "sampleCount" : 9,
    "errorCount" : 0,
    "errorPct" : 0.0,
    "meanResTime" : 375.2222222222223,
    "medianResTime" : 376.0,
    "minResTime" : 344.0,
    "maxResTime" : 425.0,
    "pct1ResTime" : 425.0,
    "pct2ResTime" : 425.0,
    "pct3ResTime" : 425.0,
    "throughput" : 1.848205524890061E-4,
    "receivedKBytesPerSec" : 5.015784329755351E-4,
    "sentKBytesPerSec" : 3.3498725138632356E-4
  },
  "Total" : {
    "transaction" : "Total",
    "sampleCount" : 45,
    "errorCount" : 0,
    "errorPct" : 0.0,
    "meanResTime" : 369.86666666666673,
    "medianResTime" : 199.0,
    "minResTime" : 168.0,
    "maxResTime" : 2364.0,
    "pct1ResTime" : 608.8,
    "pct2ResTime" : 1185.0,
    "pct3ResTime" : 2364.0,
    "throughput" : 9.2405444947721E-4,
    "receivedKBytesPerSec" : 0.001512236764095614,
    "sentKBytesPerSec" : 9.462534137908228E-4
  },
  "TC200_Login_R01-1" : {
    "transaction" : "TC200_Login_R01-1",
    "sampleCount" : 9,
    "errorCount" : 0,
    "errorPct" : 0.0,
    "meanResTime" : 186.77777777777777,
    "medianResTime" : 183.0,
    "minResTime" : 169.0,
    "maxResTime" : 213.0,
    "pct1ResTime" : 213.0,
    "pct2ResTime" : 213.0,
    "pct3ResTime" : 213.0,
    "throughput" : 1.8482135711817176E-4,
    "receivedKBytesPerSec" : 4.586240902707758E-4,
    "sentKBytesPerSec" : 1.60635749839036E-4
  },
  "TC200_Login_R01-0" : {
    "transaction" : "TC200_Login_R01-0",
    "sampleCount" : 9,
    "errorCount" : 0,
    "errorPct" : 0.0,
    "meanResTime" : 187.33333333333334,
    "medianResTime" : 191.0,
    "minResTime" : 173.0,
    "maxResTime" : 209.0,
    "pct1ResTime" : 209.0,
    "pct2ResTime" : 209.0,
    "pct3ResTime" : 209.0,
    "throughput" : 1.8482121668710516E-4,
    "receivedKBytesPerSec" : 4.295649372219827E-5,
    "sentKBytesPerSec" : 1.743528274606871E-4
  },
  "TC300_ClickToAutomationKey" : {
    "transaction" : "TC300_ClickToAutomationKey",
    "sampleCount" : 9,
    "errorCount" : 0,
    "errorPct" : 0.0,
    "meanResTime" : 181.22222222222223,
    "medianResTime" : 183.0,
    "minResTime" : 168.0,
    "maxResTime" : 199.0,
    "pct1ResTime" : 199.0,
    "pct2ResTime" : 199.0,
    "pct3ResTime" : 199.0,
    "throughput" : 1.848215620720033E-4,
    "receivedKBytesPerSec" : 2.1983658457392583E-4,
    "sentKBytesPerSec" : 1.474601720828386E-4
  },
  "TC100_Launch" : {
    "transaction" : "TC100_Launch",
    "sampleCount" : 9,
    "errorCount" : 0,
    "errorPct" : 0.0,
    "meanResTime" : 918.7777777777778,
    "medianResTime" : 604.0,
    "minResTime" : 557.0,
    "maxResTime" : 2364.0,
    "pct1ResTime" : 2364.0,
    "pct2ResTime" : 2364.0,
    "pct3ResTime" : 2364.0,
    "throughput" : 1.8481249899251521E-4,
    "receivedKBytesPerSec" : 2.8931097254394716E-4,
    "sentKBytesPerSec" : 1.28863402617828E-4
  },
  "TC200_Login" : {
    "transaction" : "TC200_Login",
    "sampleCount" : 9,
    "errorCount" : 0,
    "errorPct" : 0.0,
    "meanResTime" : 375.2222222222223,
    "medianResTime" : 376.0,
    "minResTime" : 344.0,
    "maxResTime" : 425.0,
    "pct1ResTime" : 425.0,
    "pct2ResTime" : 425.0,
    "pct3ResTime" : 425.0,
    "throughput" : 1.848205524890061E-4,
    "receivedKBytesPerSec" : 5.015784329755351E-4,
    "sentKBytesPerSec" : 3.3498725138632356E-4
  }
}