{
  "TC100_Launch_R01" : {
    "transaction" : "TC100_Launch_R01",
    "sampleCount" : 33,
    "errorCount" : 0,
    "errorPct" : 0.0,
    "meanResTime" : 890.69696969697,
    "medianResTime" : 576.0,
    "minResTime" : 519.0,
    "maxResTime" : 2364.0,
    "pct1ResTime" : 1963.2000000000003,
    "pct2ResTime" : 2153.999999999999,
    "pct3ResTime" : 2364.0,
    "throughput" : 5.271900420894151E-4,
    "receivedKBytesPerSec" : 8.25278942841145E-4,
    "sentKBytesPerSec" : 3.675914941912524E-4
  },
  "TC300_ClickToAutomationKey_R01" : {
    "transaction" : "TC300_ClickToAutomationKey_R01",
    "sampleCount" : 33,
    "errorCount" : 0,
    "errorPct" : 0.0,
    "meanResTime" : 175.969696969697,
    "medianResTime" : 174.0,
    "minResTime" : 166.0,
    "maxResTime" : 199.0,
    "pct1ResTime" : 192.0,
    "pct2ResTime" : 197.6,
    "pct3ResTime" : 199.0,
    "throughput" : 5.272092199115227E-4,
    "receivedKBytesPerSec" : 6.27090654152573E-4,
    "sentKBytesPerSec" : 4.206346998708146E-4
  },
  "TC200_Login_R01" : {
    "transaction" : "TC200_Login_R01",
    "sampleCount" : 33,
    "errorCount" : 0,
    "errorPct" : 0.0,
    "meanResTime" : 361.9090909090909,
    "medianResTime" : 358.0,
    "minResTime" : 334.0,
    "maxResTime" : 425.0,
    "pct1ResTime" : 391.20000000000005,
    "pct2ResTime" : 411.69999999999993,
    "pct3ResTime" : 425.0,
    "throughput" : 5.272069879017658E-4,
    "receivedKBytesPerSec" : 0.001430769745487312,
    "sentKBytesPerSec" : 9.555626655719507E-4
  },
  "Total" : {
    "transaction" : "Total",
    "sampleCount" : 165,
    "errorCount" : 0,
    "errorPct" : 0.0,
    "meanResTime" : 357.878787878788,
    "medianResTime" : 189.0,
    "minResTime" : 165.0,
    "maxResTime" : 2364.0,
    "pct1ResTime" : 578.8000000000001,
    "pct2ResTime" : 1185.0,
    "pct3ResTime" : 2166.000000000001,
    "throughput" : 0.0026359276394090606,
    "receivedKBytesPerSec" : 0.004313757361446976,
    "sentKBytesPerSec" : 0.002699251682308927
  },
  "TC200_Login_R01-1" : {
    "transaction" : "TC200_Login_R01-1",
    "sampleCount" : 33,
    "errorCount" : 0,
    "errorPct" : 0.0,
    "meanResTime" : 179.5454545454546,
    "medianResTime" : 178.0,
    "minResTime" : 167.0,
    "maxResTime" : 213.0,
    "pct1ResTime" : 195.20000000000002,
    "pct2ResTime" : 210.89999999999998,
    "pct3ResTime" : 213.0,
    "throughput" : 5.272087735080594E-4,
    "receivedKBytesPerSec" : 0.0013082397397304484,
    "sentKBytesPerSec" : 4.5821856291227824E-4
  },
  "TC200_Login_R01-0" : {
    "transaction" : "TC200_Login_R01-0",
    "sampleCount" : 33,
    "errorCount" : 0,
    "errorPct" : 0.0,
    "meanResTime" : 181.2727272727273,
    "medianResTime" : 179.0,
    "minResTime" : 165.0,
    "maxResTime" : 209.0,
    "pct1ResTime" : 197.6,
    "pct2ResTime" : 201.29999999999995,
    "pct3ResTime" : 209.0,
    "throughput" : 5.272084955591152E-4,
    "receivedKBytesPerSec" : 1.2253478705377872E-4,
    "sentKBytesPerSec" : 4.973470768653371E-4
  },
  "TC300_ClickToAutomationKey" : {
    "transaction" : "TC300_ClickToAutomationKey",
    "sampleCount" : 33,
    "errorCount" : 0,
    "errorPct" : 0.0,
    "meanResTime" : 175.969696969697,
    "medianResTime" : 174.0,
    "minResTime" : 166.0,
    "maxResTime" : 199.0,
    "pct1ResTime" : 192.0,
    "pct2ResTime" : 197.6,
    "pct3ResTime" : 199.0,
    "throughput" : 5.272092199115227E-4,
    "receivedKBytesPerSec" : 6.27090654152573E-4,
    "sentKBytesPerSec" : 4.206346998708146E-4
  },
  "TC100_Launch" : {
    "transaction" : "TC100_Launch",
    "sampleCount" : 33,
    "errorCount" : 0,
    "errorPct" : 0.0,
    "meanResTime" : 890.69696969697,
    "medianResTime" : 576.0,
    "minResTime" : 519.0,
    "maxResTime" : 2364.0,
    "pct1ResTime" : 1963.2000000000003,
    "pct2ResTime" : 2153.999999999999,
    "pct3ResTime" : 2364.0,
    "throughput" : 5.271891325040521E-4,
    "receivedKBytesPerSec" : 8.252775189492142E-4,
    "sentKBytesPerSec" : 3.6759085996864566E-4
  },
  "TC200_Login" : {
    "transaction" : "TC200_Login",
    "sampleCount" : 33,
    "errorCount" : 0,
    "errorPct" : 0.0,
    "meanResTime" : 361.9090909090909,
    "medianResTime" : 358.0,
    "minResTime" : 334.0,
    "maxResTime" : 425.0,
    "pct1ResTime" : 391.20000000000005,
    "pct2ResTime" : 411.69999999999993,
    "pct3ResTime" : 425.0,
    "throughput" : 5.272069794791234E-4,
    "receivedKBytesPerSec" : 0.0014307697226293786,
    "sentKBytesPerSec" : 9.55562650305911E-4
  }
}