{
  "TC100_R01_Launch" : {
    "transaction" : "TC100_R01_Launch",
    "sampleCount" : 16,
    "errorCount" : 0,
    "errorPct" : 0.0,
    "meanResTime" : 1432.8750000000002,
    "medianResTime" : 1200.5,
    "minResTime" : 568.0,
    "maxResTime" : 3253.0,
    "pct1ResTime" : 3253.0,
    "pct2ResTime" : 3253.0,
    "pct3ResTime" : 3253.0,
    "throughput" : 3.3150586230688407E-6,
    "receivedKBytesPerSec" : 5.189491184354836E-6,
    "sentKBytesPerSec" : 2.311476422725735E-6
  },
  "TC200_R01_Login-1" : {
    "transaction" : "TC200_R01_Login-1",
    "sampleCount" : 16,
    "errorCount" : 0,
    "errorPct" : 0.0,
    "meanResTime" : 179.875,
    "medianResTime" : 178.0,
    "minResTime" : 170.0,
    "maxResTime" : 189.0,
    "pct1ResTime" : 189.0,
    "pct2ResTime" : 189.0,
    "pct3ResTime" : 189.0,
    "throughput" : 3.315060779781927E-6,
    "receivedKBytesPerSec" : 8.226142032642458E-6,
    "sentKBytesPerSec" : 2.8812539980526516E-6
  },
  "TC200_R01_Login-0" : {
    "transaction" : "TC200_R01_Login-0",
    "sampleCount" : 16,
    "errorCount" : 0,
    "errorPct" : 0.0,
    "meanResTime" : 183.375,
    "medianResTime" : 181.0,
    "minResTime" : 166.0,
    "maxResTime" : 198.0,
    "pct1ResTime" : 198.0,
    "pct2ResTime" : 198.0,
    "pct3ResTime" : 198.0,
    "throughput" : 3.315060761923782E-6,
    "receivedKBytesPerSec" : 7.704926380252541E-7,
    "sentKBytesPerSec" : 3.127293648455443E-6
  },
  "TC400_ClickToCheckOut" : {
    "transaction" : "TC400_ClickToCheckOut",
    "sampleCount" : 16,
    "errorCount" : 0,
    "errorPct" : 0.0,
    "meanResTime" : 181.75,
    "medianResTime" : 181.0,
    "minResTime" : 174.0,
    "maxResTime" : 196.0,
    "pct1ResTime" : 196.0,
    "pct2ResTime" : 196.0,
    "pct3ResTime" : 196.0,
    "throughput" : 3.3150607928321102E-6,
    "receivedKBytesPerSec" : 1.0252731963768843E-5,
    "sentKBytesPerSec" : 2.6805374379540896E-6
  },
  "TC400_R01_ClickToCheckOut" : {
    "transaction" : "TC400_R01_ClickToCheckOut",
    "sampleCount" : 16,
    "errorCount" : 0,
    "errorPct" : 0.0,
    "meanResTime" : 181.75,
    "medianResTime" : 181.0,
    "minResTime" : 174.0,
    "maxResTime" : 196.0,
    "pct1ResTime" : 196.0,
    "pct2ResTime" : 196.0,
    "pct3ResTime" : 196.0,
    "throughput" : 3.3150607935189625E-6,
    "receivedKBytesPerSec" : 1.0252731965893117E-5,
    "sentKBytesPerSec" : 2.680537438509473E-6
  },
  "Total" : {
    "transaction" : "Total",
    "sampleCount" : 96,
    "errorCount" : 0,
    "errorPct" : 0.0,
    "meanResTime" : 420.9375,
    "medianResTime" : 186.0,
    "minResTime" : 166.0,
    "maxResTime" : 3253.0,
    "pct1ResTime" : 640.0,
    "pct2ResTime" : 1891.799999999996,
    "pct3ResTime" : 3253.0,
    "throughput" : 1.9890348824792145E-5,
    "receivedKBytesPerSec" : 3.737857544450685E-5,
    "sentKBytesPerSec" : 1.9654021438039242E-5
  },
  "TC200_R01_Login" : {
    "transaction" : "TC200_R01_Login",
    "sampleCount" : 16,
    "errorCount" : 0,
    "errorPct" : 0.0,
    "meanResTime" : 364.75,
    "medianResTime" : 364.5,
    "minResTime" : 336.0,
    "maxResTime" : 386.0,
    "pct1ResTime" : 386.0,
    "pct2ResTime" : 386.0,
    "pct3ResTime" : 386.0,
    "throughput" : 3.3150606451589903E-6,
    "receivedKBytesPerSec" : 8.996634309469563E-6,
    "sentKBytesPerSec" : 6.0085474193506694E-6
  },
  "TC300_ClickToAutomationKey" : {
    "transaction" : "TC300_ClickToAutomationKey",
    "sampleCount" : 16,
    "errorCount" : 0,
    "errorPct" : 0.0,
    "meanResTime" : 183.0,
    "medianResTime" : 180.5,
    "minResTime" : 168.0,
    "maxResTime" : 206.0,
    "pct1ResTime" : 206.0,
    "pct2ResTime" : 206.0,
    "pct3ResTime" : 206.0,
    "throughput" : 3.3150607928321102E-6,
    "receivedKBytesPerSec" : 3.943109419599132E-6,
    "sentKBytesPerSec" : 2.6449264333435883E-6
  },
  "TC100_Launch" : {
    "transaction" : "TC100_Launch",
    "sampleCount" : 16,
    "errorCount" : 0,
    "errorPct" : 0.0,
    "meanResTime" : 1432.8750000000002,
    "medianResTime" : 1200.5,
    "minResTime" : 568.0,
    "maxResTime" : 3253.0,
    "pct1ResTime" : 3253.0,
    "pct2ResTime" : 3253.0,
    "pct3ResTime" : 3253.0,
    "throughput" : 3.315058454103539E-6,
    "receivedKBytesPerSec" : 5.1894909198515364E-6,
    "sentKBytesPerSec" : 2.311476304912038E-6
  },
  "TC200_Login" : {
    "transaction" : "TC200_Login",
    "sampleCount" : 16,
    "errorCount" : 0,
    "errorPct" : 0.0,
    "meanResTime" : 364.75,
    "medianResTime" : 364.5,
    "minResTime" : 336.0,
    "maxResTime" : 386.0,
    "pct1ResTime" : 386.0,
    "pct2ResTime" : 386.0,
    "pct3ResTime" : 386.0,
    "throughput" : 3.315060644472138E-6,
    "receivedKBytesPerSec" : 8.99663430760554E-6,
    "sentKBytesPerSec" : 6.008547418105751E-6
  },
  "TC300_R01_ClickToAutomationKey" : {
    "transaction" : "TC300_R01_ClickToAutomationKey",
    "sampleCount" : 16,
    "errorCount" : 0,
    "errorPct" : 0.0,
    "meanResTime" : 183.0,
    "medianResTime" : 180.5,
    "minResTime" : 168.0,
    "maxResTime" : 206.0,
    "pct1ResTime" : 206.0,
    "pct2ResTime" : 206.0,
    "pct3ResTime" : 206.0,
    "throughput" : 3.3150607942058143E-6,
    "receivedKBytesPerSec" : 3.943109421233087E-6,
    "sentKBytesPerSec" : 2.6449264344395998E-6
  }
}