{
  "TC100_Launch_R01" : {
    "transaction" : "TC100_Launch_R01",
    "sampleCount" : 147,
    "errorCount" : 0,
    "errorPct" : 0.0,
    "meanResTime" : 719.7619047619047,
    "medianResTime" : 541.0,
    "minResTime" : 505.0,
    "maxResTime" : 2762.0,
    "pct1ResTime" : 1772.0,
    "pct2ResTime" : 2044.7999999999997,
    "pct3ResTime" : 2762.0,
    "throughput" : 8.476859344603143E-4,
    "receivedKBytesPerSec" : 0.0013269927274803552,
    "sentKBytesPerSec" : 5.910622628951801E-4
  },
  "TC300_ClickToAutomationKey_R01" : {
    "transaction" : "TC300_ClickToAutomationKey_R01",
    "sampleCount" : 147,
    "errorCount" : 0,
    "errorPct" : 0.0,
    "meanResTime" : 173.9931972789115,
    "medianResTime" : 172.0,
    "minResTime" : 165.0,
    "maxResTime" : 216.0,
    "pct1ResTime" : 182.0,
    "pct2ResTime" : 188.2,
    "pct3ResTime" : 216.0,
    "throughput" : 8.476969331455221E-4,
    "receivedKBytesPerSec" : 0.0010082957661828574,
    "sentKBytesPerSec" : 6.763363226366129E-4
  },
  "TC200_Login_R01" : {
    "transaction" : "TC200_Login_R01",
    "sampleCount" : 147,
    "errorCount" : 0,
    "errorPct" : 0.0,
    "meanResTime" : 353.6666666666667,
    "medianResTime" : 352.0,
    "minResTime" : 333.0,
    "maxResTime" : 425.0,
    "pct1ResTime" : 375.0,
    "pct2ResTime" : 379.79999999999995,
    "pct3ResTime" : 415.8800000000002,
    "throughput" : 8.476956768368177E-4,
    "receivedKBytesPerSec" : 0.0023005334823530434,
    "sentKBytesPerSec" : 0.0015364484142667322
  },
  "Total" : {
    "transaction" : "Total",
    "sampleCount" : 735,
    "errorCount" : 0,
    "errorPct" : 0.0,
    "meanResTime" : 319.9891156462586,
    "medianResTime" : 182.0,
    "minResTime" : 163.0,
    "maxResTime" : 2762.0,
    "pct1ResTime" : 541.4,
    "pct2ResTime" : 563.5999999999998,
    "pct3ResTime" : 2046.7199999999993,
    "throughput" : 0.004238415911947515,
    "receivedKBytesPerSec" : 0.006936266977775044,
    "sentKBytesPerSec" : 0.004340237231707192
  },
  "TC200_Login_R01-1" : {
    "transaction" : "TC200_Login_R01-1",
    "sampleCount" : 147,
    "errorCount" : 0,
    "errorPct" : 0.0,
    "meanResTime" : 175.53061224489795,
    "medianResTime" : 174.0,
    "minResTime" : 163.0,
    "maxResTime" : 213.0,
    "pct1ResTime" : 185.0,
    "pct2ResTime" : 190.99999999999997,
    "pct3ResTime" : 211.56000000000003,
    "throughput" : 8.47696713169021E-4,
    "receivedKBytesPerSec" : 0.002103513035314924,
    "sentKBytesPerSec" : 7.367676510941686E-4
  },
  "TC200_Login_R01-0" : {
    "transaction" : "TC200_Login_R01-0",
    "sampleCount" : 147,
    "errorCount" : 0,
    "errorPct" : 0.0,
    "meanResTime" : 176.99319727891154,
    "medianResTime" : 175.0,
    "minResTime" : 165.0,
    "maxResTime" : 209.0,
    "pct1ResTime" : 188.0,
    "pct2ResTime" : 194.6,
    "pct3ResTime" : 203.7200000000001,
    "throughput" : 8.476966056249952E-4,
    "receivedKBytesPerSec" : 1.9702323451049696E-4,
    "sentKBytesPerSec" : 7.99682540072017E-4
  },
  "TC300_ClickToAutomationKey" : {
    "transaction" : "TC300_ClickToAutomationKey",
    "sampleCount" : 147,
    "errorCount" : 0,
    "errorPct" : 0.0,
    "meanResTime" : 173.9931972789115,
    "medianResTime" : 172.0,
    "minResTime" : 165.0,
    "maxResTime" : 216.0,
    "pct1ResTime" : 182.0,
    "pct2ResTime" : 188.2,
    "pct3ResTime" : 216.0,
    "throughput" : 8.476969233687863E-4,
    "receivedKBytesPerSec" : 0.0010082957545538883,
    "sentKBytesPerSec" : 6.763363148362288E-4
  },
  "TC100_Launch" : {
    "transaction" : "TC100_Launch",
    "sampleCount" : 147,
    "errorCount" : 0,
    "errorPct" : 0.0,
    "meanResTime" : 719.7619047619047,
    "medianResTime" : 541.0,
    "minResTime" : 505.0,
    "maxResTime" : 2762.0,
    "pct1ResTime" : 1772.0,
    "pct2ResTime" : 2044.7999999999997,
    "pct3ResTime" : 2762.0,
    "throughput" : 8.47685470077663E-4,
    "receivedKBytesPerSec" : 0.0013269920005219665,
    "sentKBytesPerSec" : 5.910619390971205E-4
  },
  "TC200_Login" : {
    "transaction" : "TC200_Login",
    "sampleCount" : 147,
    "errorCount" : 0,
    "errorPct" : 0.0,
    "meanResTime" : 353.6666666666667,
    "medianResTime" : 352.0,
    "minResTime" : 333.0,
    "maxResTime" : 425.0,
    "pct1ResTime" : 375.0,
    "pct2ResTime" : 379.79999999999995,
    "pct3ResTime" : 415.8800000000002,
    "throughput" : 8.476956719484642E-4,
    "receivedKBytesPerSec" : 0.0023005334690867013,
    "sentKBytesPerSec" : 0.0015364484054065915
  }
}