{
  "TC100_R01_Launch" : {
    "transaction" : "TC100_R01_Launch",
    "sampleCount" : 12,
    "errorCount" : 0,
    "errorPct" : 0.0,
    "meanResTime" : 1436.5,
    "medianResTime" : 1200.5,
    "minResTime" : 570.0,
    "maxResTime" : 3253.0,
    "pct1ResTime" : 3253.0,
    "pct2ResTime" : 3253.0,
    "pct3ResTime" : 3253.0,
    "throughput" : 5.365093168357004E-6,
    "receivedKBytesPerSec" : 8.39867612194949E-6,
    "sentKBytesPerSec" : 3.740895041217677E-6
  },
  "TC200_R01_Login-1" : {
    "transaction" : "TC200_R01_Login-1",
    "sampleCount" : 12,
    "errorCount" : 0,
    "errorPct" : 0.0,
    "meanResTime" : 181.83333333333331,
    "medianResTime" : 181.5,
    "minResTime" : 175.0,
    "maxResTime" : 189.0,
    "pct1ResTime" : 189.0,
    "pct2ResTime" : 189.0,
    "pct3ResTime" : 189.0,
    "throughput" : 5.365100647468484E-6,
    "receivedKBytesPerSec" : 1.3313203852751382E-5,
    "sentKBytesPerSec" : 4.663026929928662E-6
  },
  "TC200_R01_Login-0" : {
    "transaction" : "TC200_R01_Login-0",
    "sampleCount" : 12,
    "errorCount" : 0,
    "errorPct" : 0.0,
    "meanResTime" : 187.5,
    "medianResTime" : 187.0,
    "minResTime" : 179.0,
    "maxResTime" : 198.0,
    "pct1ResTime" : 198.0,
    "pct2ResTime" : 198.0,
    "pct3ResTime" : 198.0,
    "throughput" : 5.365100599494642E-6,
    "receivedKBytesPerSec" : 1.2469667408981687E-6,
    "sentKBytesPerSec" : 5.06121794835139E-6
  },
  "TC400_ClickToCheckOut" : {
    "transaction" : "TC400_ClickToCheckOut",
    "sampleCount" : 12,
    "errorCount" : 0,
    "errorPct" : 0.0,
    "meanResTime" : 180.66666666666669,
    "medianResTime" : 181.0,
    "minResTime" : 177.0,
    "maxResTime" : 183.0,
    "pct1ResTime" : 183.0,
    "pct2ResTime" : 183.0,
    "pct3ResTime" : 183.0,
    "throughput" : 5.365100705037093E-6,
    "receivedKBytesPerSec" : 1.6593040950051247E-5,
    "sentKBytesPerSec" : 4.338186898213588E-6
  },
  "TC400_R01_ClickToCheckOut" : {
    "transaction" : "TC400_R01_ClickToCheckOut",
    "sampleCount" : 12,
    "errorCount" : 0,
    "errorPct" : 0.0,
    "meanResTime" : 180.66666666666669,
    "medianResTime" : 181.0,
    "minResTime" : 177.0,
    "maxResTime" : 183.0,
    "pct1ResTime" : 183.0,
    "pct2ResTime" : 183.0,
    "pct3ResTime" : 183.0,
    "throughput" : 5.365100705037093E-6,
    "receivedKBytesPerSec" : 1.6593040950051247E-5,
    "sentKBytesPerSec" : 4.338186898213588E-6
  },
  "Total" : {
    "transaction" : "Total",
    "sampleCount" : 72,
    "errorCount" : 0,
    "errorPct" : 0.0,
    "meanResTime" : 423.9166666666668,
    "medianResTime" : 188.0,
    "minResTime" : 175.0,
    "maxResTime" : 3253.0,
    "pct1ResTime" : 640.0,
    "pct2ResTime" : 1824.0,
    "pct3ResTime" : 3253.0,
    "throughput" : 3.2190548575863956E-5,
    "receivedKBytesPerSec" : 6.049350160431725E-5,
    "sentKBytesPerSec" : 3.180807623764161E-5
  },
  "TC200_R01_Login" : {
    "transaction" : "TC200_R01_Login",
    "sampleCount" : 12,
    "errorCount" : 0,
    "errorPct" : 0.0,
    "meanResTime" : 370.5,
    "medianResTime" : 370.0,
    "minResTime" : 358.0,
    "maxResTime" : 386.0,
    "pct1ResTime" : 386.0,
    "pct2ResTime" : 386.0,
    "pct3ResTime" : 386.0,
    "throughput" : 5.365100177324877E-6,
    "receivedKBytesPerSec" : 1.4560169328892414E-5,
    "sentKBytesPerSec" : 9.724244071401338E-6
  },
  "TC300_ClickToAutomationKey" : {
    "transaction" : "TC300_ClickToAutomationKey",
    "sampleCount" : 12,
    "errorCount" : 0,
    "errorPct" : 0.0,
    "meanResTime" : 186.5,
    "medianResTime" : 181.5,
    "minResTime" : 177.0,
    "maxResTime" : 206.0,
    "pct1ResTime" : 206.0,
    "pct2ResTime" : 206.0,
    "pct3ResTime" : 206.0,
    "throughput" : 5.365100671455404E-6,
    "receivedKBytesPerSec" : 6.381535759602229E-6,
    "sentKBytesPerSec" : 4.280553953690493E-6
  },
  "TC100_Launch" : {
    "transaction" : "TC100_Launch",
    "sampleCount" : 12,
    "errorCount" : 0,
    "errorPct" : 0.0,
    "meanResTime" : 1436.5,
    "medianResTime" : 1200.5,
    "minResTime" : 570.0,
    "maxResTime" : 3253.0,
    "pct1ResTime" : 3253.0,
    "pct2ResTime" : 3253.0,
    "pct3ResTime" : 3253.0,
    "throughput" : 5.3650925710844085E-6,
    "receivedKBytesPerSec" : 8.398675186961239E-6,
    "sentKBytesPerSec" : 3.7408946247600274E-6
  },
  "TC200_Login" : {
    "transaction" : "TC200_Login",
    "sampleCount" : 12,
    "errorCount" : 0,
    "errorPct" : 0.0,
    "meanResTime" : 370.5,
    "medianResTime" : 370.0,
    "minResTime" : 358.0,
    "maxResTime" : 386.0,
    "pct1ResTime" : 386.0,
    "pct2ResTime" : 386.0,
    "pct3ResTime" : 386.0,
    "throughput" : 5.365100174926185E-6,
    "receivedKBytesPerSec" : 1.4560169322382685E-5,
    "sentKBytesPerSec" : 9.724244067053711E-6
  },
  "TC300_R01_ClickToAutomationKey" : {
    "transaction" : "TC300_R01_ClickToAutomationKey",
    "sampleCount" : 12,
    "errorCount" : 0,
    "errorPct" : 0.0,
    "meanResTime" : 186.5,
    "medianResTime" : 181.5,
    "minResTime" : 177.0,
    "maxResTime" : 206.0,
    "pct1ResTime" : 206.0,
    "pct2ResTime" : 206.0,
    "pct3ResTime" : 206.0,
    "throughput" : 5.365100676252788E-6,
    "receivedKBytesPerSec" : 6.381535765308493E-6,
    "sentKBytesPerSec" : 4.2805539575180935E-6
  }
}