{
  "TC100_R01_Launch" : {
    "transaction" : "TC100_R01_Launch",
    "sampleCount" : 8,
    "errorCount" : 0,
    "errorPct" : 0.0,
    "meanResTime" : 1571.75,
    "medianResTime" : 1232.0,
    "minResTime" : 570.0,
    "maxResTime" : 3253.0,
    "pct1ResTime" : 3253.0,
    "pct2ResTime" : 3253.0,
    "pct3ResTime" : 3253.0,
    "throughput" : 0.024886920056991047,
    "receivedKBytesPerSec" : 0.038958723487652974,
    "sentKBytesPerSec" : 0.017352793867862898
  },
  "TC200_R01_Login-1" : {
    "transaction" : "TC200_R01_Login-1",
    "sampleCount" : 8,
    "errorCount" : 0,
    "errorPct" : 0.0,
    "meanResTime" : 184.75,
    "medianResTime" : 186.0,
    "minResTime" : 178.0,
    "maxResTime" : 189.0,
    "pct1ResTime" : 189.0,
    "pct2ResTime" : 189.0,
    "pct3ResTime" : 189.0,
    "throughput" : 0.02512965330502059,
    "receivedKBytesPerSec" : 0.06235786039849348,
    "sentKBytesPerSec" : 0.021841202579558912
  },
  "TC200_R01_Login-0" : {
    "transaction" : "TC200_R01_Login-0",
    "sampleCount" : 8,
    "errorCount" : 0,
    "errorPct" : 0.0,
    "meanResTime" : 191.0,
    "medianResTime" : 193.0,
    "minResTime" : 180.0,
    "maxResTime" : 198.0,
    "pct1ResTime" : 198.0,
    "pct2ResTime" : 198.0,
    "pct3ResTime" : 198.0,
    "throughput" : 0.02512823251153543,
    "receivedKBytesPerSec" : 0.005840350915767023,
    "sentKBytesPerSec" : 0.02370495371693674
  },
  "TC400_ClickToCheckOut" : {
    "transaction" : "TC400_ClickToCheckOut",
    "sampleCount" : 8,
    "errorCount" : 0,
    "errorPct" : 0.0,
    "meanResTime" : 181.25,
    "medianResTime" : 181.5,
    "minResTime" : 179.0,
    "maxResTime" : 183.0,
    "pct1ResTime" : 183.0,
    "pct2ResTime" : 183.0,
    "pct3ResTime" : 183.0,
    "throughput" : 0.02513131110050011,
    "receivedKBytesPerSec" : 0.07772545142117565,
    "sentKBytesPerSec" : 0.020321021085170015
  },
  "TC400_R01_ClickToCheckOut" : {
    "transaction" : "TC400_R01_ClickToCheckOut",
    "sampleCount" : 8,
    "errorCount" : 0,
    "errorPct" : 0.0,
    "meanResTime" : 181.25,
    "medianResTime" : 181.5,
    "minResTime" : 179.0,
    "maxResTime" : 183.0,
    "pct1ResTime" : 183.0,
    "pct2ResTime" : 183.0,
    "pct3ResTime" : 183.0,
    "throughput" : 0.02513131110050011,
    "receivedKBytesPerSec" : 0.07772545142117565,
    "sentKBytesPerSec" : 0.020321021085170015
  },
  "Total" : {
    "transaction" : "Total",
    "sampleCount" : 48,
    "errorCount" : 0,
    "errorPct" : 0.0,
    "meanResTime" : 449.3333333333333,
    "medianResTime" : 192.5,
    "minResTime" : 178.0,
    "maxResTime" : 3253.0,
    "pct1ResTime" : 758.4000000000017,
    "pct2ResTime" : 2609.949999999996,
    "pct3ResTime" : 3253.0,
    "throughput" : 0.1489781033225221,
    "receivedKBytesPerSec" : 0.27996438492217446,
    "sentKBytesPerSec" : 0.14720801843604028
  },
  "TC200_R01_Login" : {
    "transaction" : "TC200_R01_Login",
    "sampleCount" : 8,
    "errorCount" : 0,
    "errorPct" : 0.0,
    "meanResTime" : 376.75,
    "medianResTime" : 375.5,
    "minResTime" : 370.0,
    "maxResTime" : 386.0,
    "pct1ResTime" : 386.0,
    "pct2ResTime" : 386.0,
    "pct3ResTime" : 386.0,
    "throughput" : 0.025114191087601438,
    "receivedKBytesPerSec" : 0.06815657913324648,
    "sentKBytesPerSec" : 0.0455194713462776
  },
  "TC300_ClickToAutomationKey" : {
    "transaction" : "TC300_ClickToAutomationKey",
    "sampleCount" : 8,
    "errorCount" : 0,
    "errorPct" : 0.0,
    "meanResTime" : 190.5,
    "medianResTime" : 187.5,
    "minResTime" : 181.0,
    "maxResTime" : 206.0,
    "pct1ResTime" : 206.0,
    "pct2ResTime" : 206.0,
    "pct3ResTime" : 206.0,
    "throughput" : 0.025130205879211668,
    "receivedKBytesPerSec" : 0.02989120191492169,
    "sentKBytesPerSec" : 0.020050174026675714
  },
  "TC100_Launch" : {
    "transaction" : "TC100_Launch",
    "sampleCount" : 8,
    "errorCount" : 0,
    "errorPct" : 0.0,
    "meanResTime" : 1571.75,
    "medianResTime" : 1232.0,
    "minResTime" : 570.0,
    "maxResTime" : 3253.0,
    "pct1ResTime" : 3253.0,
    "pct2ResTime" : 3253.0,
    "pct3ResTime" : 3253.0,
    "throughput" : 0.02486750283644954,
    "receivedKBytesPerSec" : 0.038928327194168576,
    "sentKBytesPerSec" : 0.017339254907446262
  },
  "TC200_Login" : {
    "transaction" : "TC200_Login",
    "sampleCount" : 8,
    "errorCount" : 0,
    "errorPct" : 0.0,
    "meanResTime" : 376.75,
    "medianResTime" : 375.5,
    "minResTime" : 370.0,
    "maxResTime" : 386.0,
    "pct1ResTime" : 386.0,
    "pct2ResTime" : 386.0,
    "pct3ResTime" : 386.0,
    "throughput" : 0.025114112247524693,
    "receivedKBytesPerSec" : 0.06815636517174914,
    "sentKBytesPerSec" : 0.0455193284486385
  },
  "TC300_R01_ClickToAutomationKey" : {
    "transaction" : "TC300_R01_ClickToAutomationKey",
    "sampleCount" : 8,
    "errorCount" : 0,
    "errorPct" : 0.0,
    "meanResTime" : 190.5,
    "medianResTime" : 187.5,
    "minResTime" : 181.0,
    "maxResTime" : 206.0,
    "pct1ResTime" : 206.0,
    "pct2ResTime" : 206.0,
    "pct3ResTime" : 206.0,
    "throughput" : 0.0251301269385537,
    "receivedKBytesPerSec" : 0.029891108018709377,
    "sentKBytesPerSec" : 0.02005011104374841
  }
}