{
  "TC100_R01_Launch" : {
    "transaction" : "TC100_R01_Launch",
    "sampleCount" : 4,
    "errorCount" : 0,
    "errorPct" : 0.0,
    "meanResTime" : 1088.5,
    "medianResTime" : 1088.5,
    "minResTime" : 608.0,
    "maxResTime" : 1569.0,
    "pct1ResTime" : 1569.0,
    "pct2ResTime" : 1569.0,
    "pct3ResTime" : 1569.0,
    "throughput" : 0.7334066740007334,
    "receivedKBytesPerSec" : 1.1480965804913825,
    "sentKBytesPerSec" : 0.5113792629262927
  },
  "TC200_R01_Login-1" : {
    "transaction" : "TC200_R01_Login-1",
    "sampleCount" : 4,
    "errorCount" : 0,
    "errorPct" : 0.0,
    "meanResTime" : 183.0,
    "medianResTime" : 183.0,
    "minResTime" : 182.0,
    "maxResTime" : 184.0,
    "pct1ResTime" : 184.0,
    "pct2ResTime" : 184.0,
    "pct3ResTime" : 184.0,
    "throughput" : 0.9866798223976321,
    "receivedKBytesPerSec" : 2.4483920202269362,
    "sentKBytesPerSec" : 0.8575635175135667
  },
  "TC200_R01_Login-0" : {
    "transaction" : "TC200_R01_Login-0",
    "sampleCount" : 4,
    "errorCount" : 0,
    "errorPct" : 0.0,
    "meanResTime" : 183.0,
    "medianResTime" : 183.0,
    "minResTime" : 178.0,
    "maxResTime" : 188.0,
    "pct1ResTime" : 188.0,
    "pct2ResTime" : 188.0,
    "pct3ResTime" : 188.0,
    "throughput" : 0.9876543209876544,
    "receivedKBytesPerSec" : 0.2295524691358025,
    "sentKBytesPerSec" : 0.931712962962963
  },
  "TC400_ClickToCheckOut" : {
    "transaction" : "TC400_ClickToCheckOut",
    "sampleCount" : 4,
    "errorCount" : 0,
    "errorPct" : 0.0,
    "meanResTime" : 177.0,
    "medianResTime" : 177.0,
    "minResTime" : 176.0,
    "maxResTime" : 178.0,
    "pct1ResTime" : 178.0,
    "pct2ResTime" : 178.0,
    "pct3ResTime" : 178.0,
    "throughput" : 0.9859502095144195,
    "receivedKBytesPerSec" : 3.049320618683756,
    "sentKBytesPerSec" : 0.7972331772245501
  },
  "TC400_R01_ClickToCheckOut" : {
    "transaction" : "TC400_R01_ClickToCheckOut",
    "sampleCount" : 4,
    "errorCount" : 0,
    "errorPct" : 0.0,
    "meanResTime" : 177.0,
    "medianResTime" : 177.0,
    "minResTime" : 176.0,
    "maxResTime" : 178.0,
    "pct1ResTime" : 178.0,
    "pct2ResTime" : 178.0,
    "pct3ResTime" : 178.0,
    "throughput" : 0.9859502095144195,
    "receivedKBytesPerSec" : 3.049320618683756,
    "sentKBytesPerSec" : 0.7972331772245501
  },
  "Total" : {
    "transaction" : "Total",
    "sampleCount" : 24,
    "errorCount" : 0,
    "errorPct" : 0.0,
    "meanResTime" : 364.08333333333326,
    "medianResTime" : 186.0,
    "minResTime" : 176.0,
    "maxResTime" : 1569.0,
    "pct1ResTime" : 1088.5,
    "pct2ResTime" : 1569.0,
    "pct3ResTime" : 1569.0,
    "throughput" : 3.8653567402158155,
    "receivedKBytesPerSec" : 7.263901191818329,
    "sentKBytesPerSec" : 3.819430463842809
  },
  "TC200_R01_Login" : {
    "transaction" : "TC200_R01_Login",
    "sampleCount" : 4,
    "errorCount" : 0,
    "errorPct" : 0.0,
    "meanResTime" : 367.0,
    "medianResTime" : 367.0,
    "minResTime" : 362.0,
    "maxResTime" : 372.0,
    "pct1ResTime" : 372.0,
    "pct2ResTime" : 372.0,
    "pct3ResTime" : 372.0,
    "throughput" : 0.944733112895607,
    "receivedKBytesPerSec" : 2.563880196032121,
    "sentKBytesPerSec" : 1.7123287671232876
  },
  "TC300_ClickToAutomationKey" : {
    "transaction" : "TC300_ClickToAutomationKey",
    "sampleCount" : 4,
    "errorCount" : 0,
    "errorPct" : 0.0,
    "meanResTime" : 186.0,
    "medianResTime" : 186.0,
    "minResTime" : 180.0,
    "maxResTime" : 192.0,
    "pct1ResTime" : 192.0,
    "pct2ResTime" : 192.0,
    "pct3ResTime" : 192.0,
    "throughput" : 0.9849790691947796,
    "receivedKBytesPerSec" : 1.1715864319133218,
    "sentKBytesPerSec" : 0.7858670893868506
  },
  "TC100_Launch" : {
    "transaction" : "TC100_Launch",
    "sampleCount" : 4,
    "errorCount" : 0,
    "errorPct" : 0.0,
    "meanResTime" : 1088.5,
    "medianResTime" : 1088.5,
    "minResTime" : 608.0,
    "maxResTime" : 1569.0,
    "pct1ResTime" : 1569.0,
    "pct2ResTime" : 1569.0,
    "pct3ResTime" : 1569.0,
    "throughput" : 0.7173601147776184,
    "receivedKBytesPerSec" : 1.1229768203012913,
    "sentKBytesPerSec" : 0.5001905487804879
  },
  "TC200_Login" : {
    "transaction" : "TC200_Login",
    "sampleCount" : 4,
    "errorCount" : 0,
    "errorPct" : 0.0,
    "meanResTime" : 367.0,
    "medianResTime" : 367.0,
    "minResTime" : 362.0,
    "maxResTime" : 372.0,
    "pct1ResTime" : 372.0,
    "pct2ResTime" : 372.0,
    "pct3ResTime" : 372.0,
    "throughput" : 0.944733112895607,
    "receivedKBytesPerSec" : 2.563880196032121,
    "sentKBytesPerSec" : 1.7123287671232876
  },
  "TC300_R01_ClickToAutomationKey" : {
    "transaction" : "TC300_R01_ClickToAutomationKey",
    "sampleCount" : 4,
    "errorCount" : 0,
    "errorPct" : 0.0,
    "meanResTime" : 186.0,
    "medianResTime" : 186.0,
    "minResTime" : 180.0,
    "maxResTime" : 192.0,
    "pct1ResTime" : 192.0,
    "pct2ResTime" : 192.0,
    "pct3ResTime" : 192.0,
    "throughput" : 0.9849790691947796,
    "receivedKBytesPerSec" : 1.1715864319133218,
    "sentKBytesPerSec" : 0.7858670893868506
  }
}