{
  "TC100_Launch_R01" : {
    "transaction" : "TC100_Launch_R01",
    "sampleCount" : 37,
    "errorCount" : 0,
    "errorPct" : 0.0,
    "meanResTime" : 925.5405405405409,
    "medianResTime" : 576.0,
    "minResTime" : 519.0,
    "maxResTime" : 2364.0,
    "pct1ResTime" : 1900.8000000000006,
    "pct2ResTime" : 2094.0000000000005,
    "pct3ResTime" : 2364.0,
    "throughput" : 5.848817550878785E-4,
    "receivedKBytesPerSec" : 9.155912630916691E-4,
    "sentKBytesPerSec" : 4.078179425124465E-4
  },
  "TC300_ClickToAutomationKey_R01" : {
    "transaction" : "TC300_ClickToAutomationKey_R01",
    "sampleCount" : 37,
    "errorCount" : 0,
    "errorPct" : 0.0,
    "meanResTime" : 175.32432432432432,
    "medianResTime" : 173.0,
    "minResTime" : 166.0,
    "maxResTime" : 199.0,
    "pct1ResTime" : 192.0,
    "pct2ResTime" : 197.2,
    "pct3ResTime" : 199.0,
    "throughput" : 5.849027710590804E-4,
    "receivedKBytesPerSec" : 6.957144288573828E-4,
    "sentKBytesPerSec" : 4.6666558980006713E-4
  },
  "TC200_Login_R01" : {
    "transaction" : "TC200_Login_R01",
    "sampleCount" : 37,
    "errorCount" : 0,
    "errorPct" : 0.0,
    "meanResTime" : 361.5405405405405,
    "medianResTime" : 358.0,
    "minResTime" : 334.0,
    "maxResTime" : 425.0,
    "pct1ResTime" : 384.40000000000003,
    "pct2ResTime" : 407.90000000000003,
    "pct3ResTime" : 425.0,
    "throughput" : 5.849003208130835E-4,
    "receivedKBytesPerSec" : 0.0015873417886128507,
    "sentKBytesPerSec" : 0.0010601318314737138
  },
  "Total" : {
    "transaction" : "Total",
    "sampleCount" : 185,
    "errorCount" : 0,
    "errorPct" : 0.0,
    "meanResTime" : 364.5513513513515,
    "medianResTime" : 185.0,
    "minResTime" : 165.0,
    "maxResTime" : 2364.0,
    "pct1ResTime" : 578.8000000000001,
    "pct2ResTime" : 1595.8999999999933,
    "pct3ResTime" : 2105.999999999996,
    "throughput" : 0.002924383812571341,
    "receivedKBytesPerSec" : 0.004785822649518607,
    "sentKBytesPerSec" : 0.0029946375643186605
  },
  "TC200_Login_R01-1" : {
    "transaction" : "TC200_Login_R01-1",
    "sampleCount" : 37,
    "errorCount" : 0,
    "errorPct" : 0.0,
    "meanResTime" : 179.37837837837841,
    "medianResTime" : 178.0,
    "minResTime" : 167.0,
    "maxResTime" : 213.0,
    "pct1ResTime" : 188.40000000000003,
    "pct2ResTime" : 210.3,
    "pct3ResTime" : 213.0,
    "throughput" : 5.849022810082388E-4,
    "receivedKBytesPerSec" : 0.0014514030234784518,
    "sentKBytesPerSec" : 5.083623340794263E-4
  },
  "TC200_Login_R01-0" : {
    "transaction" : "TC200_Login_R01-0",
    "sampleCount" : 37,
    "errorCount" : 0,
    "errorPct" : 0.0,
    "meanResTime" : 180.972972972973,
    "medianResTime" : 179.0,
    "minResTime" : 165.0,
    "maxResTime" : 209.0,
    "pct1ResTime" : 197.2,
    "pct2ResTime" : 199.10000000000002,
    "pct3ResTime" : 209.0,
    "throughput" : 5.849020313600125E-4,
    "receivedKBytesPerSec" : 1.3594402682000288E-4,
    "sentKBytesPerSec" : 5.517728147400117E-4
  },
  "TC300_ClickToAutomationKey" : {
    "transaction" : "TC300_ClickToAutomationKey",
    "sampleCount" : 37,
    "errorCount" : 0,
    "errorPct" : 0.0,
    "meanResTime" : 175.32432432432432,
    "medianResTime" : 173.0,
    "minResTime" : 166.0,
    "maxResTime" : 199.0,
    "pct1ResTime" : 192.0,
    "pct2ResTime" : 197.2,
    "pct3ResTime" : 199.0,
    "throughput" : 5.849027618128306E-4,
    "receivedKBytesPerSec" : 6.95714417859402E-4,
    "sentKBytesPerSec" : 4.666655824229322E-4
  },
  "TC100_Launch" : {
    "transaction" : "TC100_Launch",
    "sampleCount" : 37,
    "errorCount" : 0,
    "errorPct" : 0.0,
    "meanResTime" : 925.5405405405409,
    "medianResTime" : 576.0,
    "minResTime" : 519.0,
    "maxResTime" : 2364.0,
    "pct1ResTime" : 1900.8000000000006,
    "pct2ResTime" : 2094.0000000000005,
    "pct3ResTime" : 2364.0,
    "throughput" : 5.848807658118918E-4,
    "receivedKBytesPerSec" : 9.155897144496706E-4,
    "sentKBytesPerSec" : 4.0781725272430745E-4
  },
  "TC200_Login" : {
    "transaction" : "TC200_Login",
    "sampleCount" : 37,
    "errorCount" : 0,
    "errorPct" : 0.0,
    "meanResTime" : 361.5405405405405,
    "medianResTime" : 358.0,
    "minResTime" : 334.0,
    "maxResTime" : 425.0,
    "pct1ResTime" : 384.40000000000003,
    "pct2ResTime" : 407.90000000000003,
    "pct3ResTime" : 425.0,
    "throughput" : 5.849003208130835E-4,
    "receivedKBytesPerSec" : 0.0015873417886128507,
    "sentKBytesPerSec" : 0.0010601318314737138
  }
}