{
  "TC100_Launch_R01" : {
    "transaction" : "TC100_Launch_R01",
    "sampleCount" : 97,
    "errorCount" : 0,
    "errorPct" : 0.0,
    "meanResTime" : 779.0618556701036,
    "medianResTime" : 548.0,
    "minResTime" : 505.0,
    "maxResTime" : 2762.0,
    "pct1ResTime" : 1821.6000000000001,
    "pct2ResTime" : 2064.0,
    "pct3ResTime" : 2762.0,
    "throughput" : 5.605456575649E-4,
    "receivedKBytesPerSec" : 8.774948135513034E-4,
    "sentKBytesPerSec" : 3.90849218263026E-4
  },
  "TC300_ClickToAutomationKey_R01" : {
    "transaction" : "TC300_ClickToAutomationKey_R01",
    "sampleCount" : 97,
    "errorCount" : 0,
    "errorPct" : 0.0,
    "meanResTime" : 174.6907216494845,
    "medianResTime" : 173.0,
    "minResTime" : 165.0,
    "maxResTime" : 216.0,
    "pct1ResTime" : 183.8,
    "pct2ResTime" : 192.49999999999997,
    "pct3ResTime" : 216.0,
    "throughput" : 5.605530497293193E-4,
    "receivedKBytesPerSec" : 6.667515767288193E-4,
    "sentKBytesPerSec" : 4.472381265906776E-4
  },
  "TC200_Login_R01" : {
    "transaction" : "TC200_Login_R01",
    "sampleCount" : 97,
    "errorCount" : 0,
    "errorPct" : 0.0,
    "meanResTime" : 355.082474226804,
    "medianResTime" : 353.0,
    "minResTime" : 334.0,
    "maxResTime" : 425.0,
    "pct1ResTime" : 378.0,
    "pct2ResTime" : 381.0,
    "pct3ResTime" : 425.0,
    "throughput" : 5.605522139708937E-4,
    "receivedKBytesPerSec" : 0.0015212642603760875,
    "sentKBytesPerSec" : 0.0010160008878222447
  },
  "Total" : {
    "transaction" : "Total",
    "sampleCount" : 485,
    "errorCount" : 0,
    "errorPct" : 0.0,
    "meanResTime" : 332.58144329896925,
    "medianResTime" : 183.0,
    "minResTime" : 163.0,
    "maxResTime" : 2762.0,
    "pct1ResTime" : 548.0,
    "pct2ResTime" : 580.8999999999999,
    "pct3ResTime" : 2064.0,
    "throughput" : 0.002802719687527614,
    "receivedKBytesPerSec" : 0.004586716457381616,
    "sentKBytesPerSec" : 0.0028700506487709526
  },
  "TC200_Login_R01-1" : {
    "transaction" : "TC200_Login_R01-1",
    "sampleCount" : 97,
    "errorCount" : 0,
    "errorPct" : 0.0,
    "meanResTime" : 175.84536082474233,
    "medianResTime" : 174.0,
    "minResTime" : 163.0,
    "maxResTime" : 213.0,
    "pct1ResTime" : 186.2,
    "pct2ResTime" : 193.0,
    "pct3ResTime" : 213.0,
    "throughput" : 5.605529007179446E-4,
    "receivedKBytesPerSec" : 0.0013909813678948217,
    "sentKBytesPerSec" : 4.871992984755574E-4
  },
  "TC200_Login_R01-0" : {
    "transaction" : "TC200_Login_R01-0",
    "sampleCount" : 97,
    "errorCount" : 0,
    "errorPct" : 0.0,
    "meanResTime" : 178.22680412371133,
    "medianResTime" : 177.0,
    "minResTime" : 165.0,
    "maxResTime" : 209.0,
    "pct1ResTime" : 189.4,
    "pct2ResTime" : 197.0,
    "pct3ResTime" : 209.0,
    "throughput" : 5.605527679035252E-4,
    "receivedKBytesPerSec" : 1.3028472535257714E-4,
    "sentKBytesPerSec" : 5.288027087839895E-4
  },
  "TC300_ClickToAutomationKey" : {
    "transaction" : "TC300_ClickToAutomationKey",
    "sampleCount" : 97,
    "errorCount" : 0,
    "errorPct" : 0.0,
    "meanResTime" : 174.6907216494845,
    "medianResTime" : 173.0,
    "minResTime" : 165.0,
    "maxResTime" : 216.0,
    "pct1ResTime" : 183.8,
    "pct2ResTime" : 192.49999999999997,
    "pct3ResTime" : 216.0,
    "throughput" : 5.605530659262127E-4,
    "receivedKBytesPerSec" : 6.667515959942646E-4,
    "sentKBytesPerSec" : 4.4723813951339425E-4
  },
  "TC100_Launch" : {
    "transaction" : "TC100_Launch",
    "sampleCount" : 97,
    "errorCount" : 0,
    "errorPct" : 0.0,
    "meanResTime" : 779.0618556701036,
    "medianResTime" : 548.0,
    "minResTime" : 505.0,
    "maxResTime" : 2762.0,
    "pct1ResTime" : 1821.6000000000001,
    "pct2ResTime" : 2064.0,
    "pct3ResTime" : 2762.0,
    "throughput" : 5.605453077214596E-4,
    "receivedKBytesPerSec" : 8.774942658959958E-4,
    "sentKBytesPerSec" : 3.908489743292209E-4
  },
  "TC200_Login" : {
    "transaction" : "TC200_Login",
    "sampleCount" : 97,
    "errorCount" : 0,
    "errorPct" : 0.0,
    "meanResTime" : 355.082474226804,
    "medianResTime" : 353.0,
    "minResTime" : 334.0,
    "maxResTime" : 425.0,
    "pct1ResTime" : 378.0,
    "pct2ResTime" : 381.0,
    "pct3ResTime" : 425.0,
    "throughput" : 5.605522139708937E-4,
    "receivedKBytesPerSec" : 0.0015212642603760875,
    "sentKBytesPerSec" : 0.0010160008878222447
  }
}