{
  "TC100_R01_Launch" : {
    "transaction" : "TC100_R01_Launch",
    "sampleCount" : 4,
    "errorCount" : 0,
    "errorPct" : 0.0,
    "meanResTime" : 1946.5,
    "medianResTime" : 1946.5,
    "minResTime" : 640.0,
    "maxResTime" : 3253.0,
    "pct1ResTime" : 3253.0,
    "pct2ResTime" : 3253.0,
    "pct3ResTime" : 3253.0,
    "throughput" : 0.7374631268436578,
    "receivedKBytesPerSec" : 1.15444667219764,
    "sentKBytesPerSec" : 0.5142076880530974
  },
  "TC200_R01_Login-1" : {
    "transaction" : "TC200_R01_Login-1",
    "sampleCount" : 4,
    "errorCount" : 0,
    "errorPct" : 0.0,
    "meanResTime" : 187.0,
    "medianResTime" : 187.0,
    "minResTime" : 185.0,
    "maxResTime" : 189.0,
    "pct1ResTime" : 189.0,
    "pct2ResTime" : 189.0,
    "pct3ResTime" : 189.0,
    "throughput" : 1.721170395869191,
    "receivedKBytesPerSec" : 4.270990210843374,
    "sentKBytesPerSec" : 1.4959391135972462
  },
  "TC200_R01_Login-0" : {
    "transaction" : "TC200_R01_Login-0",
    "sampleCount" : 4,
    "errorCount" : 0,
    "errorPct" : 0.0,
    "meanResTime" : 187.0,
    "medianResTime" : 187.0,
    "minResTime" : 180.0,
    "maxResTime" : 194.0,
    "pct1ResTime" : 194.0,
    "pct2ResTime" : 194.0,
    "pct3ResTime" : 194.0,
    "throughput" : 1.7167381974248925,
    "receivedKBytesPerSec" : 0.3990075107296137,
    "sentKBytesPerSec" : 1.6195010729613732
  },
  "TC400_ClickToCheckOut" : {
    "transaction" : "TC400_ClickToCheckOut",
    "sampleCount" : 4,
    "errorCount" : 0,
    "errorPct" : 0.0,
    "meanResTime" : 181.5,
    "medianResTime" : 181.5,
    "minResTime" : 180.0,
    "maxResTime" : 183.0,
    "pct1ResTime" : 183.0,
    "pct2ResTime" : 183.0,
    "pct3ResTime" : 183.0,
    "throughput" : 1.7152658662092624,
    "receivedKBytesPerSec" : 5.304928709262436,
    "sentKBytesPerSec" : 1.3869532590051459
  },
  "TC400_R01_ClickToCheckOut" : {
    "transaction" : "TC400_R01_ClickToCheckOut",
    "sampleCount" : 4,
    "errorCount" : 0,
    "errorPct" : 0.0,
    "meanResTime" : 181.5,
    "medianResTime" : 181.5,
    "minResTime" : 180.0,
    "maxResTime" : 183.0,
    "pct1ResTime" : 183.0,
    "pct2ResTime" : 183.0,
    "pct3ResTime" : 183.0,
    "throughput" : 1.716001716001716,
    "receivedKBytesPerSec" : 5.307204525954526,
    "sentKBytesPerSec" : 1.3875482625482625
  },
  "Total" : {
    "transaction" : "Total",
    "sampleCount" : 24,
    "errorCount" : 0,
    "errorPct" : 0.0,
    "meanResTime" : 512.8333333333334,
    "medianResTime" : 193.5,
    "minResTime" : 180.0,
    "maxResTime" : 3253.0,
    "pct1ResTime" : 1946.5,
    "pct2ResTime" : 3253.0,
    "pct3ResTime" : 3253.0,
    "throughput" : 3.872216844143272,
    "receivedKBytesPerSec" : 7.276792917070022,
    "sentKBytesPerSec" : 3.8262090593739915
  },
  "TC200_R01_Login" : {
    "transaction" : "TC200_R01_Login",
    "sampleCount" : 4,
    "errorCount" : 0,
    "errorPct" : 0.0,
    "meanResTime" : 375.5,
    "medianResTime" : 375.5,
    "minResTime" : 370.0,
    "maxResTime" : 381.0,
    "pct1ResTime" : 381.0,
    "pct2ResTime" : 381.0,
    "pct3ResTime" : 381.0,
    "throughput" : 1.5873015873015872,
    "receivedKBytesPerSec" : 4.307725694444445,
    "sentKBytesPerSec" : 2.876984126984127
  },
  "TC300_ClickToAutomationKey" : {
    "transaction" : "TC300_ClickToAutomationKey",
    "sampleCount" : 4,
    "errorCount" : 0,
    "errorPct" : 0.0,
    "meanResTime" : 199.5,
    "medianResTime" : 199.5,
    "minResTime" : 193.0,
    "maxResTime" : 206.0,
    "pct1ResTime" : 206.0,
    "pct2ResTime" : 206.0,
    "pct3ResTime" : 206.0,
    "throughput" : 1.7064846416382253,
    "receivedKBytesPerSec" : 2.0297834897610922,
    "sentKBytesPerSec" : 1.3615214377133107
  },
  "TC100_Launch" : {
    "transaction" : "TC100_Launch",
    "sampleCount" : 4,
    "errorCount" : 0,
    "errorPct" : 0.0,
    "meanResTime" : 1946.5,
    "medianResTime" : 1946.5,
    "minResTime" : 640.0,
    "maxResTime" : 3253.0,
    "pct1ResTime" : 3253.0,
    "pct2ResTime" : 3253.0,
    "pct3ResTime" : 3253.0,
    "throughput" : 0.7050943063634761,
    "receivedKBytesPerSec" : 1.1037755596686056,
    "sentKBytesPerSec" : 0.49163802221047065
  },
  "TC200_Login" : {
    "transaction" : "TC200_Login",
    "sampleCount" : 4,
    "errorCount" : 0,
    "errorPct" : 0.0,
    "meanResTime" : 375.5,
    "medianResTime" : 375.5,
    "minResTime" : 370.0,
    "maxResTime" : 381.0,
    "pct1ResTime" : 381.0,
    "pct2ResTime" : 381.0,
    "pct3ResTime" : 381.0,
    "throughput" : 1.5860428231562251,
    "receivedKBytesPerSec" : 4.304309575733545,
    "sentKBytesPerSec" : 2.8747026169706587
  },
  "TC300_R01_ClickToAutomationKey" : {
    "transaction" : "TC300_R01_ClickToAutomationKey",
    "sampleCount" : 4,
    "errorCount" : 0,
    "errorPct" : 0.0,
    "meanResTime" : 199.5,
    "medianResTime" : 199.5,
    "minResTime" : 193.0,
    "maxResTime" : 206.0,
    "pct1ResTime" : 206.0,
    "pct2ResTime" : 206.0,
    "pct3ResTime" : 206.0,
    "throughput" : 1.7072129748186087,
    "receivedKBytesPerSec" : 2.0306498079385404,
    "sentKBytesPerSec" : 1.3621025394793
  }
}