{
  "TC100_Launch_R01" : {
    "transaction" : "TC100_Launch_R01",
    "sampleCount" : 29,
    "errorCount" : 0,
    "errorPct" : 0.0,
    "meanResTime" : 833.6896551724141,
    "medianResTime" : 576.0,
    "minResTime" : 519.0,
    "maxResTime" : 2364.0,
    "pct1ResTime" : 1812.0,
    "pct2ResTime" : 2088.0,
    "pct3ResTime" : 2364.0,
    "throughput" : 4.89255518604017E-4,
    "receivedKBytesPerSec" : 7.658951135959367E-4,
    "sentKBytesPerSec" : 3.4114105496412905E-4
  },
  "TC300_ClickToAutomationKey_R01" : {
    "transaction" : "TC300_ClickToAutomationKey_R01",
    "sampleCount" : 29,
    "errorCount" : 0,
    "errorPct" : 0.0,
    "meanResTime" : 176.31034482758622,
    "medianResTime" : 174.0,
    "minResTime" : 166.0,
    "maxResTime" : 199.0,
    "pct1ResTime" : 192.0,
    "pct2ResTime" : 198.0,
    "pct3ResTime" : 199.0,
    "throughput" : 4.892744048765608E-4,
    "receivedKBytesPerSec" : 5.819689698629406E-4,
    "sentKBytesPerSec" : 3.9036834842202174E-4
  },
  "TC200_Login_R01" : {
    "transaction" : "TC200_Login_R01",
    "sampleCount" : 29,
    "errorCount" : 0,
    "errorPct" : 0.0,
    "meanResTime" : 362.2413793103448,
    "medianResTime" : 356.0,
    "minResTime" : 334.0,
    "maxResTime" : 425.0,
    "pct1ResTime" : 398.0,
    "pct2ResTime" : 415.5,
    "pct3ResTime" : 425.0,
    "throughput" : 4.892721760884487E-4,
    "receivedKBytesPerSec" : 0.0013278197044431631,
    "sentKBytesPerSec" : 8.868058191603134E-4
  },
  "Total" : {
    "transaction" : "Total",
    "sampleCount" : 145,
    "errorCount" : 0,
    "errorPct" : 0.0,
    "meanResTime" : 346.67586206896556,
    "medianResTime" : 192.0,
    "minResTime" : 165.0,
    "maxResTime" : 2364.0,
    "pct1ResTime" : 578.8000000000001,
    "pct2ResTime" : 1014.2999999999936,
    "pct3ResTime" : 2110.0799999999954,
    "throughput" : 0.002446255926012804,
    "receivedKBytesPerSec" : 0.00400335515704322,
    "sentKBytesPerSec" : 0.002505023402360377
  },
  "TC200_Login_R01-1" : {
    "transaction" : "TC200_Login_R01-1",
    "sampleCount" : 29,
    "errorCount" : 0,
    "errorPct" : 0.0,
    "meanResTime" : 179.68965517241386,
    "medianResTime" : 177.0,
    "minResTime" : 167.0,
    "maxResTime" : 213.0,
    "pct1ResTime" : 202.0,
    "pct2ResTime" : 211.5,
    "pct3ResTime" : 213.0,
    "throughput" : 4.892739260981429E-4,
    "receivedKBytesPerSec" : 0.001214106490444708,
    "sentKBytesPerSec" : 4.252478459251437E-4
  },
  "TC200_Login_R01-0" : {
    "transaction" : "TC200_Login_R01-0",
    "sampleCount" : 29,
    "errorCount" : 0,
    "errorPct" : 0.0,
    "meanResTime" : 181.44827586206898,
    "medianResTime" : 179.0,
    "minResTime" : 165.0,
    "maxResTime" : 209.0,
    "pct1ResTime" : 198.0,
    "pct2ResTime" : 203.5,
    "pct3ResTime" : 209.0,
    "throughput" : 4.892735959066764E-4,
    "receivedKBytesPerSec" : 1.1371788654862205E-4,
    "sentKBytesPerSec" : 4.6156083363852477E-4
  },
  "TC300_ClickToAutomationKey" : {
    "transaction" : "TC300_ClickToAutomationKey",
    "sampleCount" : 29,
    "errorCount" : 0,
    "errorPct" : 0.0,
    "meanResTime" : 176.31034482758622,
    "medianResTime" : 174.0,
    "minResTime" : 166.0,
    "maxResTime" : 199.0,
    "pct1ResTime" : 192.0,
    "pct2ResTime" : 198.0,
    "pct3ResTime" : 199.0,
    "throughput" : 4.892743883669447E-4,
    "receivedKBytesPerSec" : 5.81968950225526E-4,
    "sentKBytesPerSec" : 3.903683352497986E-4
  },
  "TC100_Launch" : {
    "transaction" : "TC100_Launch",
    "sampleCount" : 29,
    "errorCount" : 0,
    "errorPct" : 0.0,
    "meanResTime" : 833.6896551724141,
    "medianResTime" : 576.0,
    "minResTime" : 519.0,
    "maxResTime" : 2364.0,
    "pct1ResTime" : 1812.0,
    "pct2ResTime" : 2088.0,
    "pct3ResTime" : 2364.0,
    "throughput" : 4.892546271551603E-4,
    "receivedKBytesPerSec" : 7.658937180954317E-4,
    "sentKBytesPerSec" : 3.4114043338748484E-4
  },
  "TC200_Login" : {
    "transaction" : "TC200_Login",
    "sampleCount" : 29,
    "errorCount" : 0,
    "errorPct" : 0.0,
    "meanResTime" : 362.2413793103448,
    "medianResTime" : 356.0,
    "minResTime" : 334.0,
    "maxResTime" : 425.0,
    "pct1ResTime" : 398.0,
    "pct2ResTime" : 415.5,
    "pct3ResTime" : 425.0,
    "throughput" : 4.892721678337158E-4,
    "receivedKBytesPerSec" : 0.0013278196820409142,
    "sentKBytesPerSec" : 8.868058041986098E-4
  }
}