{
  "TC100_Launch_R01" : {
    "transaction" : "TC100_Launch_R01",
    "sampleCount" : 47,
    "errorCount" : 0,
    "errorPct" : 0.0,
    "meanResTime" : 878.1063829787237,
    "medianResTime" : 566.0,
    "minResTime" : 513.0,
    "maxResTime" : 2364.0,
    "pct1ResTime" : 1860.0,
    "pct2ResTime" : 2064.0,
    "pct3ResTime" : 2364.0,
    "throughput" : 7.371035269117753E-4,
    "receivedKBytesPerSec" : 0.0011538837437886482,
    "sentKBytesPerSec" : 5.139569513818433E-4
  },
  "TC300_ClickToAutomationKey_R01" : {
    "transaction" : "TC300_ClickToAutomationKey_R01",
    "sampleCount" : 47,
    "errorCount" : 0,
    "errorPct" : 0.0,
    "meanResTime" : 175.17021276595742,
    "medianResTime" : 173.0,
    "minResTime" : 166.0,
    "maxResTime" : 199.0,
    "pct1ResTime" : 189.60000000000002,
    "pct2ResTime" : 194.99999999999997,
    "pct3ResTime" : 199.0,
    "throughput" : 7.371300119018266E-4,
    "receivedKBytesPerSec" : 8.767815961879149E-4,
    "sentKBytesPerSec" : 5.88120331761516E-4
  },
  "TC200_Login_R01" : {
    "transaction" : "TC200_Login_R01",
    "sampleCount" : 47,
    "errorCount" : 0,
    "errorPct" : 0.0,
    "meanResTime" : 361.0425531914894,
    "medianResTime" : 358.0,
    "minResTime" : 334.0,
    "maxResTime" : 425.0,
    "pct1ResTime" : 381.0,
    "pct2ResTime" : 402.79999999999995,
    "pct3ResTime" : 425.0,
    "throughput" : 7.371270292107287E-4,
    "receivedKBytesPerSec" : 0.002000464857594351,
    "sentKBytesPerSec" : 0.001336042740444446
  },
  "Total" : {
    "transaction" : "Total",
    "sampleCount" : 235,
    "errorCount" : 0,
    "errorPct" : 0.0,
    "meanResTime" : 354.8085106382982,
    "medianResTime" : 183.0,
    "minResTime" : 165.0,
    "maxResTime" : 2364.0,
    "pct1ResTime" : 566.0,
    "pct2ResTime" : 1226.5999999999976,
    "pct3ResTime" : 2064.0,
    "throughput" : 0.003685487463116504,
    "receivedKBytesPerSec" : 0.006031386612002576,
    "sentKBytesPerSec" : 0.003774025540843717
  },
  "TC200_Login_R01-1" : {
    "transaction" : "TC200_Login_R01-1",
    "sampleCount" : 47,
    "errorCount" : 0,
    "errorPct" : 0.0,
    "meanResTime" : 179.1702127659575,
    "medianResTime" : 178.0,
    "minResTime" : 167.0,
    "maxResTime" : 213.0,
    "pct1ResTime" : 193.0,
    "pct2ResTime" : 206.79999999999995,
    "pct3ResTime" : 213.0,
    "throughput" : 7.371294801024209E-4,
    "receivedKBytesPerSec" : 0.0018291464931057143,
    "sentKBytesPerSec" : 6.406691770421431E-4
  },
  "TC200_Login_R01-0" : {
    "transaction" : "TC200_Login_R01-0",
    "sampleCount" : 47,
    "errorCount" : 0,
    "errorPct" : 0.0,
    "meanResTime" : 180.55319148936172,
    "medianResTime" : 180.0,
    "minResTime" : 165.0,
    "maxResTime" : 209.0,
    "pct1ResTime" : 197.0,
    "pct2ResTime" : 198.0,
    "pct3ResTime" : 209.0,
    "throughput" : 7.371289714254464E-4,
    "receivedKBytesPerSec" : 1.7132489765552366E-4,
    "sentKBytesPerSec" : 6.953775257783019E-4
  },
  "TC300_ClickToAutomationKey" : {
    "transaction" : "TC300_ClickToAutomationKey",
    "sampleCount" : 47,
    "errorCount" : 0,
    "errorPct" : 0.0,
    "meanResTime" : 175.17021276595742,
    "medianResTime" : 173.0,
    "minResTime" : 166.0,
    "maxResTime" : 199.0,
    "pct1ResTime" : 189.60000000000002,
    "pct2ResTime" : 194.99999999999997,
    "pct3ResTime" : 199.0,
    "throughput" : 7.371300003409619E-4,
    "receivedKBytesPerSec" : 8.767815824368081E-4,
    "sentKBytesPerSec" : 5.881203225376619E-4
  },
  "TC100_Launch" : {
    "transaction" : "TC100_Launch",
    "sampleCount" : 47,
    "errorCount" : 0,
    "errorPct" : 0.0,
    "meanResTime" : 878.1063829787237,
    "medianResTime" : 566.0,
    "minResTime" : 513.0,
    "maxResTime" : 2364.0,
    "pct1ResTime" : 1860.0,
    "pct2ResTime" : 2064.0,
    "pct3ResTime" : 2364.0,
    "throughput" : 7.371023015501826E-4,
    "receivedKBytesPerSec" : 0.0011538818255712332,
    "sentKBytesPerSec" : 5.139560969793266E-4
  },
  "TC200_Login" : {
    "transaction" : "TC200_Login",
    "sampleCount" : 47,
    "errorCount" : 0,
    "errorPct" : 0.0,
    "meanResTime" : 361.0425531914894,
    "medianResTime" : 358.0,
    "minResTime" : 334.0,
    "maxResTime" : 425.0,
    "pct1ResTime" : 381.0,
    "pct2ResTime" : 402.79999999999995,
    "pct3ResTime" : 425.0,
    "throughput" : 7.371270176499575E-4,
    "receivedKBytesPerSec" : 0.002000464826219953,
    "sentKBytesPerSec" : 0.001336042719490548
  }
}