{
  "TC100_Launch_R01" : {
    "transaction" : "TC100_Launch_R01",
    "sampleCount" : 19,
    "errorCount" : 0,
    "errorPct" : 0.0,
    "meanResTime" : 862.5789473684213,
    "medianResTime" : 589.0,
    "minResTime" : 520.0,
    "maxResTime" : 2364.0,
    "pct1ResTime" : 1812.0,
    "pct2ResTime" : 2364.0,
    "pct3ResTime" : 2364.0,
    "throughput" : 3.269942795964932E-4,
    "receivedKBytesPerSec" : 5.11886552923026E-4,
    "sentKBytesPerSec" : 2.2800187073427358E-4
  },
  "TC300_ClickToAutomationKey_R01" : {
    "transaction" : "TC300_ClickToAutomationKey_R01",
    "sampleCount" : 19,
    "errorCount" : 0,
    "errorPct" : 0.0,
    "meanResTime" : 178.78947368421052,
    "medianResTime" : 174.0,
    "minResTime" : 166.0,
    "maxResTime" : 199.0,
    "pct1ResTime" : 197.0,
    "pct2ResTime" : 199.0,
    "pct3ResTime" : 199.0,
    "throughput" : 3.2700703796594737E-4,
    "receivedKBytesPerSec" : 3.8895954320558975E-4,
    "sentKBytesPerSec" : 2.6090307618962795E-4
  },
  "TC200_Login_R01" : {
    "transaction" : "TC200_Login_R01",
    "sampleCount" : 19,
    "errorCount" : 0,
    "errorPct" : 0.0,
    "meanResTime" : 366.89473684210526,
    "medianResTime" : 358.0,
    "minResTime" : 344.0,
    "maxResTime" : 425.0,
    "pct1ResTime" : 406.0,
    "pct2ResTime" : 425.0,
    "pct3ResTime" : 425.0,
    "throughput" : 3.270056028107336E-4,
    "receivedKBytesPerSec" : 8.874497755967077E-4,
    "sentKBytesPerSec" : 5.926976550944547E-4
  },
  "Total" : {
    "transaction" : "Total",
    "sampleCount" : 95,
    "errorCount" : 0,
    "errorPct" : 0.0,
    "meanResTime" : 354.80000000000007,
    "medianResTime" : 195.0,
    "minResTime" : 166.0,
    "maxResTime" : 2364.0,
    "pct1ResTime" : 589.0,
    "pct2ResTime" : 1185.0,
    "pct3ResTime" : 2364.0,
    "throughput" : 0.001634956034655423,
    "receivedKBytesPerSec" : 0.002675643869995662,
    "sentKBytesPerSec" : 0.0016742332987692153
  },
  "TC200_Login_R01-1" : {
    "transaction" : "TC200_Login_R01-1",
    "sampleCount" : 19,
    "errorCount" : 0,
    "errorPct" : 0.0,
    "meanResTime" : 182.6842105263158,
    "medianResTime" : 179.0,
    "minResTime" : 169.0,
    "maxResTime" : 213.0,
    "pct1ResTime" : 210.0,
    "pct2ResTime" : 213.0,
    "pct3ResTime" : 213.0,
    "throughput" : 3.270067959584989E-4,
    "receivedKBytesPerSec" : 8.114494809868611E-4,
    "sentKBytesPerSec" : 2.8421489101861726E-4
  },
  "TC200_Login_R01-0" : {
    "transaction" : "TC200_Login_R01-0",
    "sampleCount" : 19,
    "errorCount" : 0,
    "errorPct" : 0.0,
    "meanResTime" : 183.0526315789474,
    "medianResTime" : 178.0,
    "minResTime" : 170.0,
    "maxResTime" : 209.0,
    "pct1ResTime" : 197.0,
    "pct2ResTime" : 209.0,
    "pct3ResTime" : 209.0,
    "throughput" : 3.2700661023209534E-4,
    "receivedKBytesPerSec" : 7.60034894875378E-5,
    "sentKBytesPerSec" : 3.084847514494181E-4
  },
  "TC300_ClickToAutomationKey" : {
    "transaction" : "TC300_ClickToAutomationKey",
    "sampleCount" : 19,
    "errorCount" : 0,
    "errorPct" : 0.0,
    "meanResTime" : 178.78947368421052,
    "medianResTime" : 174.0,
    "minResTime" : 166.0,
    "maxResTime" : 199.0,
    "pct1ResTime" : 197.0,
    "pct2ResTime" : 199.0,
    "pct3ResTime" : 199.0,
    "throughput" : 3.270070323378631E-4,
    "receivedKBytesPerSec" : 3.8895953651124735E-4,
    "sentKBytesPerSec" : 2.609030716992521E-4
  },
  "TC100_Launch" : {
    "transaction" : "TC100_Launch",
    "sampleCount" : 19,
    "errorCount" : 0,
    "errorPct" : 0.0,
    "meanResTime" : 862.5789473684213,
    "medianResTime" : 589.0,
    "minResTime" : 520.0,
    "maxResTime" : 2364.0,
    "pct1ResTime" : 1812.0,
    "pct2ResTime" : 2364.0,
    "pct3ResTime" : 2364.0,
    "throughput" : 3.2699372246056715E-4,
    "receivedKBytesPerSec" : 5.118856807659074E-4,
    "sentKBytesPerSec" : 2.2800148226254392E-4
  },
  "TC200_Login" : {
    "transaction" : "TC200_Login",
    "sampleCount" : 19,
    "errorCount" : 0,
    "errorPct" : 0.0,
    "meanResTime" : 366.89473684210526,
    "medianResTime" : 358.0,
    "minResTime" : 344.0,
    "maxResTime" : 425.0,
    "pct1ResTime" : 406.0,
    "pct2ResTime" : 425.0,
    "pct3ResTime" : 425.0,
    "throughput" : 3.270056028107336E-4,
    "receivedKBytesPerSec" : 8.874497755967077E-4,
    "sentKBytesPerSec" : 5.926976550944547E-4
  }
}