{
  "TC100_R01_Launch" : {
    "transaction" : "TC100_R01_Launch",
    "sampleCount" : 54,
    "errorCount" : 0,
    "errorPct" : 0.0,
    "meanResTime" : 716.6666666666667,
    "medianResTime" : 538.0,
    "minResTime" : 502.0,
    "maxResTime" : 3062.0,
    "pct1ResTime" : 1680.0,
    "pct2ResTime" : 2056.25,
    "pct3ResTime" : 3062.0,
    "throughput" : 0.056531538840831265,
    "receivedKBytesPerSec" : 0.08849614918149659,
    "sentKBytesPerSec" : 0.039417498762063984
  },
  "TC200_R01_Login-1" : {
    "transaction" : "TC200_R01_Login-1",
    "sampleCount" : 54,
    "errorCount" : 0,
    "errorPct" : 0.0,
    "meanResTime" : 174.88888888888886,
    "medianResTime" : 174.0,
    "minResTime" : 164.0,
    "maxResTime" : 187.0,
    "pct1ResTime" : 183.0,
    "pct2ResTime" : 184.75,
    "pct3ResTime" : 187.0,
    "throughput" : 0.056704403096900474,
    "receivedKBytesPerSec" : 0.14070887526291417,
    "sentKBytesPerSec" : 0.04928410034789201
  },
  "TC200_R01_Login-0" : {
    "transaction" : "TC200_R01_Login-0",
    "sampleCount" : 54,
    "errorCount" : 0,
    "errorPct" : 0.0,
    "meanResTime" : 175.22222222222214,
    "medianResTime" : 176.0,
    "minResTime" : 168.0,
    "maxResTime" : 186.0,
    "pct1ResTime" : 180.0,
    "pct2ResTime" : 182.25,
    "pct3ResTime" : 186.0,
    "throughput" : 0.05670434355271614,
    "receivedKBytesPerSec" : 0.013179329849166446,
    "sentKBytesPerSec" : 0.053492574093675575
  },
  "TC400_ClickToCheckOut" : {
    "transaction" : "TC400_ClickToCheckOut",
    "sampleCount" : 54,
    "errorCount" : 0,
    "errorPct" : 0.0,
    "meanResTime" : 173.29629629629633,
    "medianResTime" : 172.0,
    "minResTime" : 164.0,
    "maxResTime" : 188.0,
    "pct1ResTime" : 181.0,
    "pct2ResTime" : 182.75,
    "pct3ResTime" : 188.0,
    "throughput" : 0.056704819909692325,
    "receivedKBytesPerSec" : 0.17537516079491758,
    "sentKBytesPerSec" : 0.04585116297385278
  },
  "TC400_R01_ClickToCheckOut" : {
    "transaction" : "TC400_R01_ClickToCheckOut",
    "sampleCount" : 54,
    "errorCount" : 0,
    "errorPct" : 0.0,
    "meanResTime" : 173.29629629629633,
    "medianResTime" : 172.0,
    "minResTime" : 164.0,
    "maxResTime" : 188.0,
    "pct1ResTime" : 181.0,
    "pct2ResTime" : 182.75,
    "pct3ResTime" : 188.0,
    "throughput" : 0.056704939000186916,
    "receivedKBytesPerSec" : 0.1753755291148359,
    "sentKBytesPerSec" : 0.045851259269682386
  },
  "Total" : {
    "transaction" : "Total",
    "sampleCount" : 324,
    "errorCount" : 0,
    "errorPct" : 0.0,
    "meanResTime" : 293.8580246913581,
    "medianResTime" : 177.0,
    "minResTime" : 162.0,
    "maxResTime" : 3062.0,
    "pct1ResTime" : 534.0,
    "pct2ResTime" : 554.0,
    "pct3ResTime" : 1721.0,
    "throughput" : 0.3389422699717025,
    "receivedKBytesPerSec" : 0.6369510822091923,
    "sentKBytesPerSec" : 0.3349151238603851
  },
  "TC200_R01_Login" : {
    "transaction" : "TC200_R01_Login",
    "sampleCount" : 54,
    "errorCount" : 0,
    "errorPct" : 0.0,
    "meanResTime" : 351.74074074074076,
    "medianResTime" : 351.0,
    "minResTime" : 334.0,
    "maxResTime" : 373.0,
    "pct1ResTime" : 364.0,
    "pct2ResTime" : 370.0,
    "pct3ResTime" : 373.0,
    "throughput" : 0.0566942228586907,
    "receivedKBytesPerSec" : 0.15386059113701314,
    "sentKBytesPerSec" : 0.1027582789313769
  },
  "TC300_ClickToAutomationKey" : {
    "transaction" : "TC300_ClickToAutomationKey",
    "sampleCount" : 54,
    "errorCount" : 0,
    "errorPct" : 0.0,
    "meanResTime" : 171.33333333333334,
    "medianResTime" : 170.0,
    "minResTime" : 162.0,
    "maxResTime" : 183.0,
    "pct1ResTime" : 176.0,
    "pct2ResTime" : 179.25,
    "pct3ResTime" : 183.0,
    "throughput" : 0.056704581730203804,
    "receivedKBytesPerSec" : 0.06744744194080882,
    "sentKBytesPerSec" : 0.045241839134352056
  },
  "TC100_Launch" : {
    "transaction" : "TC100_Launch",
    "sampleCount" : 54,
    "errorCount" : 0,
    "errorPct" : 0.0,
    "meanResTime" : 716.6666666666667,
    "medianResTime" : 538.0,
    "minResTime" : 502.0,
    "maxResTime" : 3062.0,
    "pct1ResTime" : 1680.0,
    "pct2ResTime" : 2056.25,
    "pct3ResTime" : 3062.0,
    "throughput" : 0.05651041884685258,
    "receivedKBytesPerSec" : 0.08846308731592255,
    "sentKBytesPerSec" : 0.039402772516262445
  },
  "TC200_Login" : {
    "transaction" : "TC200_Login",
    "sampleCount" : 54,
    "errorCount" : 0,
    "errorPct" : 0.0,
    "meanResTime" : 351.74074074074076,
    "medianResTime" : 351.0,
    "minResTime" : 334.0,
    "maxResTime" : 373.0,
    "pct1ResTime" : 364.0,
    "pct2ResTime" : 370.0,
    "pct3ResTime" : 373.0,
    "throughput" : 0.056694103813203424,
    "receivedKBytesPerSec" : 0.1538602680633714,
    "sentKBytesPerSec" : 0.10275806316143121
  },
  "TC300_R01_ClickToAutomationKey" : {
    "transaction" : "TC300_R01_ClickToAutomationKey",
    "sampleCount" : 54,
    "errorCount" : 0,
    "errorPct" : 0.0,
    "meanResTime" : 171.33333333333334,
    "medianResTime" : 170.0,
    "minResTime" : 162.0,
    "maxResTime" : 183.0,
    "pct1ResTime" : 176.0,
    "pct2ResTime" : 179.25,
    "pct3ResTime" : 183.0,
    "throughput" : 0.056704641274888355,
    "receivedKBytesPerSec" : 0.06744751276641993,
    "sentKBytesPerSec" : 0.045241886642171665
  }
}