{
  "TC100_Launch_R01" : {
    "transaction" : "TC100_Launch_R01",
    "sampleCount" : 67,
    "errorCount" : 0,
    "errorPct" : 0.0,
    "meanResTime" : 842.7611940298513,
    "medianResTime" : 553.0,
    "minResTime" : 505.0,
    "maxResTime" : 2762.0,
    "pct1ResTime" : 1860.0,
    "pct2ResTime" : 2243.999999999998,
    "pct3ResTime" : 2762.0,
    "throughput" : 3.8993610303317733E-4,
    "receivedKBytesPerSec" : 6.104175519161946E-4,
    "sentKBytesPerSec" : 2.718890405914928E-4
  },
  "TC300_ClickToAutomationKey_R01" : {
    "transaction" : "TC300_ClickToAutomationKey_R01",
    "sampleCount" : 67,
    "errorCount" : 0,
    "errorPct" : 0.0,
    "meanResTime" : 174.64179104477603,
    "medianResTime" : 173.0,
    "minResTime" : 166.0,
    "maxResTime" : 199.0,
    "pct1ResTime" : 187.0,
    "pct2ResTime" : 192.0,
    "pct3ResTime" : 199.0,
    "throughput" : 3.899412728073086E-4,
    "receivedKBytesPerSec" : 4.6381686550713073E-4,
    "sentKBytesPerSec" : 3.111152537925499E-4
  },
  "TC200_Login_R01" : {
    "transaction" : "TC200_Login_R01",
    "sampleCount" : 67,
    "errorCount" : 0,
    "errorPct" : 0.0,
    "meanResTime" : 357.05970149253733,
    "medianResTime" : 354.0,
    "minResTime" : 334.0,
    "maxResTime" : 425.0,
    "pct1ResTime" : 378.0,
    "pct2ResTime" : 391.19999999999993,
    "pct3ResTime" : 425.0,
    "throughput" : 3.8994067366930667E-4,
    "receivedKBytesPerSec" : 0.0010582471993427767,
    "sentKBytesPerSec" : 7.067674710256183E-4
  },
  "Total" : {
    "transaction" : "Total",
    "sampleCount" : 335,
    "errorCount" : 0,
    "errorPct" : 0.0,
    "meanResTime" : 346.0716417910452,
    "medianResTime" : 183.0,
    "minResTime" : 165.0,
    "maxResTime" : 2762.0,
    "pct1ResTime" : 554.6000000000001,
    "pct2ResTime" : 606.3999999999999,
    "pct3ResTime" : 2255.999999999996,
    "throughput" : 0.0019496744445252378,
    "receivedKBytesPerSec" : 0.0031906879239603455,
    "sentKBytesPerSec" : 0.0019965123266886373
  },
  "TC200_Login_R01-1" : {
    "transaction" : "TC200_Login_R01-1",
    "sampleCount" : 67,
    "errorCount" : 0,
    "errorPct" : 0.0,
    "meanResTime" : 176.85074626865676,
    "medianResTime" : 174.0,
    "minResTime" : 167.0,
    "maxResTime" : 213.0,
    "pct1ResTime" : 185.0,
    "pct2ResTime" : 198.39999999999995,
    "pct3ResTime" : 213.0,
    "throughput" : 3.8994115479513226E-4,
    "receivedKBytesPerSec" : 9.676176507172179E-4,
    "sentKBytesPerSec" : 3.38913698991863E-4
  },
  "TC200_Login_R01-0" : {
    "transaction" : "TC200_Login_R01-0",
    "sampleCount" : 67,
    "errorCount" : 0,
    "errorPct" : 0.0,
    "meanResTime" : 179.04477611940302,
    "medianResTime" : 179.0,
    "minResTime" : 165.0,
    "maxResTime" : 209.0,
    "pct1ResTime" : 195.0,
    "pct2ResTime" : 197.6,
    "pct3ResTime" : 209.0,
    "throughput" : 3.8994106855551016E-4,
    "receivedKBytesPerSec" : 9.063083429317521E-5,
    "sentKBytesPerSec" : 3.6785456271935823E-4
  },
  "TC300_ClickToAutomationKey" : {
    "transaction" : "TC300_ClickToAutomationKey",
    "sampleCount" : 67,
    "errorCount" : 0,
    "errorPct" : 0.0,
    "meanResTime" : 174.64179104477603,
    "medianResTime" : 173.0,
    "minResTime" : 166.0,
    "maxResTime" : 199.0,
    "pct1ResTime" : 187.0,
    "pct2ResTime" : 192.0,
    "pct3ResTime" : 199.0,
    "throughput" : 3.8994126826837744E-4,
    "receivedKBytesPerSec" : 4.638168601082848E-4,
    "sentKBytesPerSec" : 3.1111525017115657E-4
  },
  "TC100_Launch" : {
    "transaction" : "TC100_Launch",
    "sampleCount" : 67,
    "errorCount" : 0,
    "errorPct" : 0.0,
    "meanResTime" : 842.7611940298513,
    "medianResTime" : 553.0,
    "minResTime" : 505.0,
    "maxResTime" : 2762.0,
    "pct1ResTime" : 1860.0,
    "pct2ResTime" : 2243.999999999998,
    "pct3ResTime" : 2762.0,
    "throughput" : 3.899358602069465E-4,
    "receivedKBytesPerSec" : 6.104171717888039E-4,
    "sentKBytesPerSec" : 2.718888712771092E-4
  },
  "TC200_Login" : {
    "transaction" : "TC200_Login",
    "sampleCount" : 67,
    "errorCount" : 0,
    "errorPct" : 0.0,
    "meanResTime" : 357.05970149253733,
    "medianResTime" : 354.0,
    "minResTime" : 334.0,
    "maxResTime" : 425.0,
    "pct1ResTime" : 378.0,
    "pct2ResTime" : 391.19999999999993,
    "pct3ResTime" : 425.0,
    "throughput" : 3.89940671399848E-4,
    "receivedKBytesPerSec" : 0.0010582471931837672,
    "sentKBytesPerSec" : 7.067674669122245E-4
  }
}